,identifier,latitude,longitude,date,T2M,RH2M,PRECTOTCORR
0,3009,25.9523739243423,-111.447739782712,2025-01-01,19.17,66.98,0.0
1,3009,25.9523739243423,-111.447739782712,2025-01-02,19.33,60.78,0.0
2,3009,25.9523739243423,-111.447739782712,2025-01-03,20.84,46.61,0.0
3,3009,25.9523739243423,-111.447739782712,2025-01-04,19.96,47.95,0.0
4,3009,25.9523739243423,-111.447739782712,2025-01-05,18.13,70.03,0.0
5,3009,25.9523739243423,-111.447739782712,2025-01-06,19.36,57.8,0.0
6,3009,25.9523739243423,-111.447739782712,2025-01-07,18.36,60.86,0.01
7,3009,25.9523739243423,-111.447739782712,2025-01-08,17.64,63.6,0.31
8,3009,25.9523739243423,-111.447739782712,2025-01-09,17.71,52.68,0.21
9,3009,25.9523739243423,-111.447739782712,2025-01-10,16.12,54.39,0.0
10,3009,25.9523739243423,-111.447739782712,2025-01-11,16.35,52.44,0.0
11,3009,25.9523739243423,-111.447739782712,2025-01-12,16.6,66.24,0.0
12,3009,25.9523739243423,-111.447739782712,2025-01-13,16.0,59.94,0.0
13,3009,25.9523739243423,-111.447739782712,2025-01-14,16.09,57.4,0.0
14,3009,25.9523739243423,-111.447739782712,2025-01-15,16.66,50.79,0.0
15,3009,25.9523739243423,-111.447739782712,2025-01-16,16.93,56.04,0.0
16,3009,25.9523739243423,-111.447739782712,2025-01-17,17.02,64.65,0.0
17,3009,25.9523739243423,-111.447739782712,2025-01-18,16.35,67.12,0.0
18,3009,25.9523739243423,-111.447739782712,2025-01-19,17.07,63.75,0.0
19,3009,25.9523739243423,-111.447739782712,2025-01-20,17.78,61.19,0.0
20,3009,25.9523739243423,-111.447739782712,2025-01-21,16.36,62.68,0.0
21,3009,25.9523739243423,-111.447739782712,2025-01-22,16.33,65.18,0.0
22,3009,25.9523739243423,-111.447739782712,2025-01-23,17.06,62.2,0.0
23,3009,25.9523739243423,-111.447739782712,2025-01-24,17.25,58.17,0.0
24,3009,25.9523739243423,-111.447739782712,2025-01-25,18.0,58.7,0.0
25,3009,25.9523739243423,-111.447739782712,2025-01-26,18.17,76.7,0.0
26,3009,25.9523739243423,-111.447739782712,2025-01-27,16.75,72.42,0.0
27,3009,25.9523739243423,-111.447739782712,2025-01-28,16.17,59.15,0.0
28,3009,25.9523739243423,-111.447739782712,2025-01-29,15.18,65.22,0.0
29,3009,25.9523739243423,-111.447739782712,2025-01-30,15.08,66.72,0.0
30,3009,25.9523739243423,-111.447739782712,2025-01-31,15.86,64.76,0.0
31,3009,25.9523739243423,-111.447739782712,2025-02-01,16.6,66.56,0.0
32,3009,25.9523739243423,-111.447739782712,2025-02-02,18.83,49.52,0.0
33,3009,25.9523739243423,-111.447739782712,2025-02-03,20.89,37.92,0.0
34,3009,25.9523739243423,-111.447739782712,2025-02-04,18.72,57.82,0.0
35,3009,25.9523739243423,-111.447739782712,2025-02-05,18.47,62.54,0.0
36,3009,25.9523739243423,-111.447739782712,2025-02-06,19.81,54.66,0.0
37,3009,25.9523739243423,-111.447739782712,2025-02-07,19.73,53.72,0.0
38,3009,25.9523739243423,-111.447739782712,2025-02-08,20.18,53.43,0.0
39,3009,25.9523739243423,-111.447739782712,2025-02-09,19.98,57.36,0.0
40,3009,25.9523739243423,-111.447739782712,2025-02-10,20.24,58.57,0.0
41,3009,25.9523739243423,-111.447739782712,2025-02-11,19.56,57.93,0.0
42,3009,25.9523739243423,-111.447739782712,2025-02-12,16.7,59.9,0.0
43,3009,25.9523739243423,-111.447739782712,2025-02-13,18.53,59.87,0.0
44,3009,25.9523739243423,-111.447739782712,2025-02-14,18.93,62.48,0.0
45,3009,25.9523739243423,-111.447739782712,2025-02-15,18.22,63.04,0.0
46,3009,25.9523739243423,-111.447739782712,2025-02-16,18.4,62.94,0.0
47,3009,25.9523739243423,-111.447739782712,2025-02-17,20.04,45.22,0.0
48,3009,25.9523739243423,-111.447739782712,2025-02-18,19.54,56.62,0.0
49,3009,25.9523739243423,-111.447739782712,2025-02-19,19.32,59.57,0.0
50,3009,25.9523739243423,-111.447739782712,2025-02-20,20.77,41.53,0.0
51,3009,25.9523739243423,-111.447739782712,2025-02-21,19.13,57.95,0.0
52,3009,25.9523739243423,-111.447739782712,2025-02-22,19.54,50.03,0.0
53,3009,25.9523739243423,-111.447739782712,2025-02-23,19.59,49.04,0.0
54,3009,25.9523739243423,-111.447739782712,2025-02-24,20.39,44.73,0.0
55,3009,25.9523739243423,-111.447739782712,2025-02-25,21.77,40.67,0.0
56,3009,25.9523739243423,-111.447739782712,2025-02-26,21.65,52.17,0.0
57,3009,25.9523739243423,-111.447739782712,2025-02-27,21.4,48.64,0.0
58,3009,25.9523739243423,-111.447739782712,2025-02-28,21.68,43.32,0.0
59,3009,25.9523739243423,-111.447739782712,2025-03-01,22.23,40.62,0.0
60,3009,25.9523739243423,-111.447739782712,2025-03-02,20.04,58.65,0.0
61,3009,25.9523739243423,-111.447739782712,2025-03-03,19.3,53.36,0.0
62,3009,25.9523739243423,-111.447739782712,2025-03-04,17.73,57.06,0.0
63,3009,25.9523739243423,-111.447739782712,2025-03-05,19.99,46.56,0.0
64,3009,25.9523739243423,-111.447739782712,2025-03-06,18.71,58.24,0.0
65,3009,25.9523739243423,-111.447739782712,2025-03-07,17.71,61.28,0.0
66,3009,25.9523739243423,-111.447739782712,2025-03-08,16.18,60.59,0.0
67,3009,25.9523739243423,-111.447739782712,2025-03-09,18.74,54.29,0.0
68,3009,25.9523739243423,-111.447739782712,2025-03-10,20.32,40.81,0.0
69,3009,25.9523739243423,-111.447739782712,2025-03-11,18.47,62.07,0.0
70,3009,25.9523739243423,-111.447739782712,2025-03-12,19.26,66.63,0.0
71,3009,25.9523739243423,-111.447739782712,2025-03-13,18.89,66.89,0.0
72,3009,25.9523739243423,-111.447739782712,2025-03-14,18.18,59.59,0.0
73,3009,25.9523739243423,-111.447739782712,2025-03-15,17.41,66.36,0.0
74,3009,25.9523739243423,-111.447739782712,2025-03-16,19.18,57.38,0.0
75,3009,25.9523739243423,-111.447739782712,2025-03-17,22.42,37.56,0.0
76,3009,25.9523739243423,-111.447739782712,2025-03-18,19.18,56.58,0.0
77,3009,25.9523739243423,-111.447739782712,2025-03-19,19.04,50.81,0.0
78,3009,25.9523739243423,-111.447739782712,2025-03-20,20.69,43.77,0.0
79,3009,25.9523739243423,-111.447739782712,2025-03-21,21.69,32.49,0.0
80,3009,25.9523739243423,-111.447739782712,2025-03-22,21.75,44.87,0.0
81,3009,25.9523739243423,-111.447739782712,2025-03-23,21.22,51.71,0.0
82,3009,25.9523739243423,-111.447739782712,2025-03-24,22.63,38.56,0.0
83,3009,25.9523739243423,-111.447739782712,2025-03-25,23.9,36.18,0.0
84,3009,25.9523739243423,-111.447739782712,2025-03-26,22.8,52.08,0.0
85,3009,25.9523739243423,-111.447739782712,2025-03-27,21.05,60.36,0.0
86,3009,25.9523739243423,-111.447739782712,2025-03-28,21.98,56.95,0.0
87,3009,25.9523739243423,-111.447739782712,2025-03-29,22.62,45.3,0.0
88,3009,25.9523739243423,-111.447739782712,2025-03-30,21.37,57.95,0.0
89,3009,25.9523739243423,-111.447739782712,2025-03-31,22.97,50.15,0.0
90,3009,25.9523739243423,-111.447739782712,2025-04-01,24.51,46.85,0.0
91,3009,25.9523739243423,-111.447739782712,2025-04-02,20.13,46.84,0.0
92,3009,25.9523739243423,-111.447739782712,2025-04-03,18.47,51.32,0.0
93,3009,25.9523739243423,-111.447739782712,2025-04-04,17.56,52.05,0.0
94,3009,25.9523739243423,-111.447739782712,2025-04-05,18.83,51.04,0.0
95,3009,25.9523739243423,-111.447739782712,2025-04-06,20.31,54.99,0.0
96,3009,25.9523739243423,-111.447739782712,2025-04-07,21.41,49.18,0.0
97,3009,25.9523739243423,-111.447739782712,2025-04-08,22.65,42.82,0.0
98,3009,25.9523739243423,-111.447739782712,2025-04-09,24.98,29.89,0.0
99,3009,25.9523739243423,-111.447739782712,2025-04-10,25.68,33.7,0.0
100,3009,25.9523739243423,-111.447739782712,2025-04-11,26.86,31.41,0.0
101,3009,25.9523739243423,-111.447739782712,2025-04-12,25.89,37.7,0.0
102,3009,25.9523739243423,-111.447739782712,2025-04-13,26.61,39.6,0.0
103,3009,25.9523739243423,-111.447739782712,2025-04-14,26.03,39.39,0.0
104,3009,25.9523739243423,-111.447739782712,2025-04-15,25.59,48.91,0.0
105,3009,25.9523739243423,-111.447739782712,2025-04-16,25.21,42.92,0.0
106,3009,25.9523739243423,-111.447739782712,2025-04-17,25.02,49.46,0.0
107,3009,25.9523739243423,-111.447739782712,2025-04-18,21.56,52.02,0.0
108,3009,25.9523739243423,-111.447739782712,2025-04-19,21.18,60.7,0.0
109,3009,25.9523739243423,-111.447739782712,2025-04-20,23.05,49.97,0.0
110,3009,25.9523739243423,-111.447739782712,2025-04-21,23.01,49.82,0.0
111,3009,25.9523739243423,-111.447739782712,2025-04-22,23.21,51.04,0.0
112,3009,25.9523739243423,-111.447739782712,2025-04-23,23.04,55.18,0.0
113,3009,25.9523739243423,-111.447739782712,2025-04-24,23.28,59.65,0.0
114,3009,25.9523739243423,-111.447739782712,2025-04-25,23.15,53.81,0.0
115,3009,25.9523739243423,-111.447739782712,2025-04-26,23.1,53.65,0.0
116,3009,25.9523739243423,-111.447739782712,2025-04-27,22.54,54.38,0.0
117,3009,25.9523739243423,-111.447739782712,2025-04-28,23.58,47.53,0.0
118,3009,25.9523739243423,-111.447739782712,2025-04-29,22.74,53.19,0.0
119,3009,25.9523739243423,-111.447739782712,2025-04-30,23.32,50.25,0.0
120,3009,25.9523739243423,-111.447739782712,2025-05-01,23.1,49.83,0.0
121,3009,25.9523739243423,-111.447739782712,2025-05-02,23.89,52.46,0.0
122,3009,25.9523739243423,-111.447739782712,2025-05-03,24.0,49.59,0.0
123,3009,25.9523739243423,-111.447739782712,2025-05-04,21.6,61.59,0.0
124,3009,25.9523739243423,-111.447739782712,2025-05-05,19.28,57.89,0.0
125,3009,25.9523739243423,-111.447739782712,2025-05-06,20.58,57.33,0.0
126,3009,25.9523739243423,-111.447739782712,2025-05-07,22.1,58.29,0.0
127,3009,25.9523739243423,-111.447739782712,2025-05-08,23.61,60.58,0.0
128,3009,25.9523739243423,-111.447739782712,2025-05-09,26.1,43.64,0.0
129,3009,25.9523739243423,-111.447739782712,2025-05-10,28.23,38.66,0.0
130,3009,25.9523739243423,-111.447739782712,2025-05-11,27.81,44.41,0.0
131,3009,25.9523739243423,-111.447739782712,2025-05-12,27.34,43.09,0.0
132,3009,25.9523739243423,-111.447739782712,2025-05-13,25.04,49.17,0.0
133,3009,25.9523739243423,-111.447739782712,2025-05-14,23.88,55.48,0.0
134,3009,25.9523739243423,-111.447739782712,2025-05-15,26.0,46.96,0.0
135,3009,25.9523739243423,-111.447739782712,2025-05-16,24.7,47.16,0.0
136,3009,25.9523739243423,-111.447739782712,2025-05-17,24.81,45.25,0.0
137,3009,25.9523739243423,-111.447739782712,2025-05-18,24.93,45.21,0.0
138,3009,25.9523739243423,-111.447739782712,2025-05-19,24.06,52.73,0.0
139,3009,25.9523739243423,-111.447739782712,2025-05-20,26.21,45.09,0.0
140,3009,25.9523739243423,-111.447739782712,2025-05-21,26.69,44.89,0.0
141,3009,25.9523739243423,-111.447739782712,2025-05-22,27.9,42.03,0.0
142,3009,25.9523739243423,-111.447739782712,2025-05-23,27.18,45.7,0.0
143,3009,25.9523739243423,-111.447739782712,2025-05-24,28.11,38.26,0.0
144,3009,25.9523739243423,-111.447739782712,2025-05-25,27.91,40.68,0.0
145,3009,25.9523739243423,-111.447739782712,2025-05-26,27.89,38.63,0.0
146,3009,25.9523739243423,-111.447739782712,2025-05-27,27.25,44.41,0.0
147,3009,25.9523739243423,-111.447739782712,2025-05-28,26.49,48.94,0.0
148,3009,25.9523739243423,-111.447739782712,2025-05-29,26.06,52.18,0.0
149,3009,25.9523739243423,-111.447739782712,2025-05-30,27.2,47.91,0.13
150,3009,25.9523739243423,-111.447739782712,2025-05-31,28.5,55.08,1.48
151,3009,25.9523739243423,-111.447739782712,2025-06-01,26.5,71.29,16.72
152,3009,25.9523739243423,-111.447739782712,2025-06-02,25.31,67.01,0.3
153,3009,25.9523739243423,-111.447739782712,2025-06-03,25.53,59.98,0.01
154,3009,25.9523739243423,-111.447739782712,2025-06-04,25.09,58.07,0.01
155,3009,25.9523739243423,-111.447739782712,2025-06-05,25.83,52.27,0.0
156,3009,25.9523739243423,-111.447739782712,2025-06-06,27.32,50.23,0.0
157,3009,25.9523739243423,-111.447739782712,2025-06-07,28.93,49.94,0.0
158,3009,25.9523739243423,-111.447739782712,2025-06-08,29.33,49.62,0.0
159,3009,25.9523739243423,-111.447739782712,2025-06-09,29.91,43.99,0.0
160,3009,25.9523739243423,-111.447739782712,2025-06-10,29.12,44.87,0.0
161,3009,25.9523739243423,-111.447739782712,2025-06-11,28.77,43.46,0.0
162,3009,25.9523739243423,-111.447739782712,2025-06-12,28.25,47.87,0.0
163,3009,25.9523739243423,-111.447739782712,2025-06-13,29.66,44.94,0.0
164,3009,25.9523739243423,-111.447739782712,2025-06-14,29.39,45.67,0.0
165,3009,25.9523739243423,-111.447739782712,2025-06-15,30.77,43.6,0.0
166,3009,25.9523739243423,-111.447739782712,2025-06-16,30.36,45.68,0.0
167,3009,25.9523739243423,-111.447739782712,2025-06-17,29.99,47.01,0.0
168,3009,25.9523739243423,-111.447739782712,2025-06-18,30.31,41.91,0.0
169,3009,25.9523739243423,-111.447739782712,2025-06-19,30.06,47.4,0.0
170,3009,25.9523739243423,-111.447739782712,2025-06-20,29.67,47.1,0.0
171,3009,25.9523739243423,-111.447739782712,2025-06-21,27.81,48.44,0.0
172,3009,25.9523739243423,-111.447739782712,2025-06-22,26.98,49.96,0.0
173,3009,25.9523739243423,-111.447739782712,2025-06-23,27.68,42.36,0.0
174,3009,25.9523739243423,-111.447739782712,2025-06-24,28.19,44.09,0.0
175,3009,25.9523739243423,-111.447739782712,2025-06-25,29.09,48.39,0.0
176,3009,25.9523739243423,-111.447739782712,2025-06-26,29.72,53.77,0.0
177,3009,25.9523739243423,-111.447739782712,2025-06-27,31.27,44.75,0.0
178,3009,25.9523739243423,-111.447739782712,2025-06-28,30.79,45.07,0.0
179,3009,25.9523739243423,-111.447739782712,2025-06-29,31.13,46.25,0.0
180,3009,25.9523739243423,-111.447739782712,2025-06-30,31.54,44.73,0.0
181,3009,25.9523739243423,-111.447739782712,2025-07-01,31.51,50.57,0.0
182,3009,25.9523739243423,-111.447739782712,2025-07-02,29.85,47.05,0.0
183,3009,25.9523739243423,-111.447739782712,2025-07-03,28.2,61.02,0.29
184,3009,25.9523739243423,-111.447739782712,2025-07-04,29.57,59.18,0.0
185,3009,25.9523739243423,-111.447739782712,2025-07-05,29.86,57.93,0.0
186,3009,25.9523739243423,-111.447739782712,2025-07-06,30.34,53.42,0.01
187,3009,25.9523739243423,-111.447739782712,2025-07-07,29.81,51.78,0.54
188,3009,25.9523739243423,-111.447739782712,2025-07-08,30.71,50.09,0.0
189,3009,25.9523739243423,-111.447739782712,2025-07-09,31.25,42.82,0.0
190,3009,25.9523739243423,-111.447739782712,2025-07-10,31.54,48.02,0.0
191,3009,25.9523739243423,-111.447739782712,2025-07-11,29.75,48.9,0.0
192,3009,25.9523739243423,-111.447739782712,2025-07-12,29.07,49.7,0.0
193,3009,25.9523739243423,-111.447739782712,2025-07-13,31.11,42.55,0.0
194,3009,25.9523739243423,-111.447739782712,2025-07-14,30.31,49.24,0.0
195,3009,25.9523739243423,-111.447739782712,2025-07-15,30.11,47.09,0.0
196,3009,25.9523739243423,-111.447739782712,2025-07-16,29.89,51.2,0.0
197,3009,25.9523739243423,-111.447739782712,2025-07-17,30.25,44.86,0.0
198,3009,25.9523739243423,-111.447739782712,2025-07-18,30.74,42.78,0.0
199,3009,25.9523739243423,-111.447739782712,2025-07-19,30.25,48.26,0.05
200,3009,25.9523739243423,-111.447739782712,2025-07-20,30.01,52.41,0.01
201,3009,25.9523739243423,-111.447739782712,2025-07-21,29.27,52.09,0.0
202,3009,25.9523739243423,-111.447739782712,2025-07-22,28.81,53.55,0.0
203,3009,25.9523739243423,-111.447739782712,2025-07-23,29.53,51.61,0.0
204,3009,25.9523739243423,-111.447739782712,2025-07-24,30.43,53.93,0.0
205,3009,25.9523739243423,-111.447739782712,2025-07-25,31.93,46.46,0.0
206,3009,25.9523739243423,-111.447739782712,2025-07-26,32.14,48.25,0.0
207,3009,25.9523739243423,-111.447739782712,2025-07-27,31.91,49.53,0.0
208,3009,25.9523739243423,-111.447739782712,2025-07-28,32.23,58.22,0.05
209,3009,25.9523739243423,-111.447739782712,2025-07-29,32.98,44.99,0.0
210,3009,25.9523739243423,-111.447739782712,2025-07-30,32.94,45.25,0.0
211,3009,25.9523739243423,-111.447739782712,2025-07-31,33.25,42.14,0.0
212,3009,25.9523739243423,-111.447739782712,2025-08-01,32.9,40.84,0.0
213,3009,25.9523739243423,-111.447739782712,2025-08-02,31.1,58.68,0.0
214,3009,25.9523739243423,-111.447739782712,2025-08-03,33.01,46.08,0.01
215,3009,25.9523739243423,-111.447739782712,2025-08-04,31.75,45.53,0.06
216,3009,25.9523739243423,-111.447739782712,2025-08-05,33.06,47.81,0.01
217,3009,25.9523739243423,-111.447739782712,2025-08-06,33.62,47.08,0.01
218,3009,25.9523739243423,-111.447739782712,2025-08-07,32.53,47.69,0.01
219,3009,25.9523739243423,-111.447739782712,2025-08-08,30.39,51.55,0.03
220,3009,25.9523739243423,-111.447739782712,2025-08-09,30.33,67.6,0.19
221,3009,25.9523739243423,-111.447739782712,2025-08-10,31.3,57.53,0.0
222,3009,25.9523739243423,-111.447739782712,2025-08-11,30.53,64.09,0.02
223,3009,25.9523739243423,-111.447739782712,2025-08-12,31.8,56.67,0.01
224,3009,25.9523739243423,-111.447739782712,2025-08-13,31.18,56.08,0.15
225,3009,25.9523739243423,-111.447739782712,2025-08-14,31.66,53.19,0.0
226,3009,25.9523739243423,-111.447739782712,2025-08-15,30.51,57.38,0.14
227,3009,25.9523739243423,-111.447739782712,2025-08-16,30.39,57.55,0.0
228,3009,25.9523739243423,-111.447739782712,2025-08-17,30.95,57.58,0.0
229,3009,25.9523739243423,-111.447739782712,2025-08-18,31.45,50.69,0.0
230,3009,25.9523739243423,-111.447739782712,2025-08-19,31.62,55.62,0.0
231,3009,25.9523739243423,-111.447739782712,2025-08-20,32.71,50.98,0.0
232,3009,25.9523739243423,-111.447739782712,2025-08-21,32.45,49.83,0.34
233,3009,25.9523739243423,-111.447739782712,2025-08-22,32.39,51.72,0.0
234,3009,25.9523739243423,-111.447739782712,2025-08-23,31.24,54.24,0.38
235,3009,25.9523739243423,-111.447739782712,2025-08-24,30.99,64.46,3.5
236,3009,25.9523739243423,-111.447739782712,2025-08-25,31.49,61.87,9.3
237,3009,25.9523739243423,-111.447739782712,2025-08-26,31.18,65.71,10.98
238,3009,25.9523739243423,-111.447739782712,2025-08-27,30.51,66.91,7.81
239,3009,25.9523739243423,-111.447739782712,2025-08-28,30.57,65.11,4.85
240,3009,25.9523739243423,-111.447739782712,2025-08-29,30.65,63.85,0.05
241,3009,25.9523739243423,-111.447739782712,2025-08-30,31.17,63.13,0.02
242,3009,25.9523739243423,-111.447739782712,2025-08-31,31.85,60.31,0.29
243,3009,25.9523739243423,-111.447739782712,2025-09-01,31.15,59.96,5.3
244,3009,25.9523739243423,-111.447739782712,2025-09-02,30.37,64.15,3.06
245,3009,25.9523739243423,-111.447739782712,2025-09-03,28.73,77.76,1.38
246,3009,25.9523739243423,-111.447739782712,2025-09-04,28.46,78.26,23.67
247,3009,25.9523739243423,-111.447739782712,2025-09-05,28.36,75.38,14.58
248,3009,25.9523739243423,-111.447739782712,2025-09-06,29.21,71.27,2.87
249,3009,25.9523739243423,-111.447739782712,2025-09-07,30.13,69.23,1.61
250,3009,25.9523739243423,-111.447739782712,2025-09-08,30.89,63.78,1.25
251,3009,25.9523739243423,-111.447739782712,2025-09-09,31.17,62.64,0.22
252,3009,25.9523739243423,-111.447739782712,2025-09-10,31.13,63.89,1.51
253,3009,25.9523739243423,-111.447739782712,2025-09-11,30.61,63.54,1.8
254,3009,25.9523739243423,-111.447739782712,2025-09-12,31.44,56.84,2.24
255,3009,25.9523739243423,-111.447739782712,2025-09-13,30.51,58.5,0.06
256,3009,25.9523739243423,-111.447739782712,2025-09-14,30.3,61.36,1.6
257,3009,25.9523739243423,-111.447739782712,2025-09-15,29.94,66.64,1.37
258,3009,25.9523739243423,-111.447739782712,2025-09-16,29.38,72.75,7.06
259,3009,25.9523739243423,-111.447739782712,2025-09-17,29.59,68.44,6.66
260,3009,25.9523739243423,-111.447739782712,2025-09-18,29.63,67.65,1.88
261,3009,25.9523739243423,-111.447739782712,2025-09-19,29.71,69.51,0.37
262,3009,25.9523739243423,-111.447739782712,2025-09-20,30.46,66.01,0.52
263,3009,25.9523739243423,-111.447739782712,2025-09-21,30.86,63.94,2.49
264,3009,25.9523739243423,-111.447739782712,2025-09-22,30.81,63.5,3.55
265,3009,25.9523739243423,-111.447739782712,2025-09-23,31.67,60.01,2.09
266,3009,25.9523739243423,-111.447739782712,2025-09-24,31.96,60.37,2.87
267,3009,25.9523739243423,-111.447739782712,2025-09-25,31.3,62.29,5.21
268,3003,24.1898230958241,-110.660798977376,2025-01-01,20.53,59.15,0.0
269,3003,24.1898230958241,-110.660798977376,2025-01-02,20.89,56.77,0.0
270,3003,24.1898230958241,-110.660798977376,2025-01-03,20.84,56.18,0.0
271,3003,24.1898230958241,-110.660798977376,2025-01-04,19.87,61.84,0.0
272,3003,24.1898230958241,-110.660798977376,2025-01-05,20.39,63.31,0.0
273,3003,24.1898230958241,-110.660798977376,2025-01-06,20.77,58.77,0.0
274,3003,24.1898230958241,-110.660798977376,2025-01-07,18.46,73.05,0.0
275,3003,24.1898230958241,-110.660798977376,2025-01-08,18.16,72.42,0.33
276,3003,24.1898230958241,-110.660798977376,2025-01-09,17.17,58.78,0.02
277,3003,24.1898230958241,-110.660798977376,2025-01-10,16.23,58.17,0.0
278,3003,24.1898230958241,-110.660798977376,2025-01-11,16.87,55.66,0.0
279,3003,24.1898230958241,-110.660798977376,2025-01-12,17.61,58.39,0.0
280,3003,24.1898230958241,-110.660798977376,2025-01-13,17.52,64.58,0.0
281,3003,24.1898230958241,-110.660798977376,2025-01-14,17.44,59.35,0.0
282,3003,24.1898230958241,-110.660798977376,2025-01-15,17.39,57.43,0.0
283,3003,24.1898230958241,-110.660798977376,2025-01-16,18.26,60.55,0.0
284,3003,24.1898230958241,-110.660798977376,2025-01-17,19.33,61.76,0.0
285,3003,24.1898230958241,-110.660798977376,2025-01-18,18.05,65.88,0.0
286,3003,24.1898230958241,-110.660798977376,2025-01-19,18.15,58.4,0.0
287,3003,24.1898230958241,-110.660798977376,2025-01-20,18.49,59.64,0.0
288,3003,24.1898230958241,-110.660798977376,2025-01-21,18.52,57.65,0.0
289,3003,24.1898230958241,-110.660798977376,2025-01-22,17.93,61.55,0.0
290,3003,24.1898230958241,-110.660798977376,2025-01-23,18.2,62.74,0.0
291,3003,24.1898230958241,-110.660798977376,2025-01-24,19.08,62.9,0.0
292,3003,24.1898230958241,-110.660798977376,2025-01-25,18.97,59.17,0.0
293,3003,24.1898230958241,-110.660798977376,2025-01-26,20.27,74.29,0.0
294,3003,24.1898230958241,-110.660798977376,2025-01-27,19.12,68.28,0.0
295,3003,24.1898230958241,-110.660798977376,2025-01-28,17.83,59.4,0.0
296,3003,24.1898230958241,-110.660798977376,2025-01-29,16.47,62.25,0.0
297,3003,24.1898230958241,-110.660798977376,2025-01-30,16.43,60.72,0.0
298,3003,24.1898230958241,-110.660798977376,2025-01-31,17.19,60.27,0.0
299,3003,24.1898230958241,-110.660798977376,2025-02-01,18.34,56.86,0.0
300,3003,24.1898230958241,-110.660798977376,2025-02-02,19.34,52.64,0.0
301,3003,24.1898230958241,-110.660798977376,2025-02-03,19.19,59.63,0.0
302,3003,24.1898230958241,-110.660798977376,2025-02-04,17.09,73.17,0.0
303,3003,24.1898230958241,-110.660798977376,2025-02-05,17.78,66.29,0.0
304,3003,24.1898230958241,-110.660798977376,2025-02-06,18.97,66.66,0.0
305,3003,24.1898230958241,-110.660798977376,2025-02-07,20.24,59.11,0.0
306,3003,24.1898230958241,-110.660798977376,2025-02-08,20.87,58.98,0.0
307,3003,24.1898230958241,-110.660798977376,2025-02-09,20.36,59.28,0.0
308,3003,24.1898230958241,-110.660798977376,2025-02-10,20.24,63.96,0.0
309,3003,24.1898230958241,-110.660798977376,2025-02-11,19.16,67.45,0.0
310,3003,24.1898230958241,-110.660798977376,2025-02-12,17.45,61.71,0.0
311,3003,24.1898230958241,-110.660798977376,2025-02-13,19.14,58.79,0.0
312,3003,24.1898230958241,-110.660798977376,2025-02-14,20.12,60.06,0.0
313,3003,24.1898230958241,-110.660798977376,2025-02-15,20.39,62.92,0.0
314,3003,24.1898230958241,-110.660798977376,2025-02-16,20.06,55.68,0.0
315,3003,24.1898230958241,-110.660798977376,2025-02-17,19.5,53.86,0.0
316,3003,24.1898230958241,-110.660798977376,2025-02-18,19.34,60.71,0.0
317,3003,24.1898230958241,-110.660798977376,2025-02-19,20.91,55.63,0.0
318,3003,24.1898230958241,-110.660798977376,2025-02-20,20.92,49.89,0.0
319,3003,24.1898230958241,-110.660798977376,2025-02-21,20.33,55.73,0.0
320,3003,24.1898230958241,-110.660798977376,2025-02-22,20.65,54.37,0.0
321,3003,24.1898230958241,-110.660798977376,2025-02-23,21.24,45.09,0.0
322,3003,24.1898230958241,-110.660798977376,2025-02-24,21.48,40.52,0.0
323,3003,24.1898230958241,-110.660798977376,2025-02-25,21.14,54.29,0.0
324,3003,24.1898230958241,-110.660798977376,2025-02-26,21.63,56.81,0.0
325,3003,24.1898230958241,-110.660798977376,2025-02-27,22.32,46.96,0.0
326,3003,24.1898230958241,-110.660798977376,2025-02-28,22.87,44.03,0.0
327,3003,24.1898230958241,-110.660798977376,2025-03-01,20.67,56.54,0.0
328,3003,24.1898230958241,-110.660798977376,2025-03-02,21.54,53.45,0.0
329,3003,24.1898230958241,-110.660798977376,2025-03-03,21.24,52.19,0.0
330,3003,24.1898230958241,-110.660798977376,2025-03-04,19.29,51.73,0.0
331,3003,24.1898230958241,-110.660798977376,2025-03-05,19.29,53.84,0.0
332,3003,24.1898230958241,-110.660798977376,2025-03-06,19.13,62.7,0.0
333,3003,24.1898230958241,-110.660798977376,2025-03-07,18.84,56.03,0.0
334,3003,24.1898230958241,-110.660798977376,2025-03-08,16.75,62.99,0.0
335,3003,24.1898230958241,-110.660798977376,2025-03-09,19.66,50.5,0.0
336,3003,24.1898230958241,-110.660798977376,2025-03-10,19.47,50.88,0.0
337,3003,24.1898230958241,-110.660798977376,2025-03-11,18.86,63.96,0.0
338,3003,24.1898230958241,-110.660798977376,2025-03-12,20.0,65.74,0.0
339,3003,24.1898230958241,-110.660798977376,2025-03-13,19.71,64.95,0.0
340,3003,24.1898230958241,-110.660798977376,2025-03-14,18.97,62.16,0.0
341,3003,24.1898230958241,-110.660798977376,2025-03-15,18.76,61.11,0.0
342,3003,24.1898230958241,-110.660798977376,2025-03-16,20.94,54.39,0.0
343,3003,24.1898230958241,-110.660798977376,2025-03-17,21.47,50.11,0.0
344,3003,24.1898230958241,-110.660798977376,2025-03-18,21.1,58.2,0.0
345,3003,24.1898230958241,-110.660798977376,2025-03-19,20.96,45.89,0.0
346,3003,24.1898230958241,-110.660798977376,2025-03-20,21.07,45.37,0.0
347,3003,24.1898230958241,-110.660798977376,2025-03-21,21.66,48.0,0.0
348,3003,24.1898230958241,-110.660798977376,2025-03-22,21.03,50.26,0.0
349,3003,24.1898230958241,-110.660798977376,2025-03-23,22.18,51.07,0.0
350,3003,24.1898230958241,-110.660798977376,2025-03-24,22.3,52.8,0.0
351,3003,24.1898230958241,-110.660798977376,2025-03-25,22.68,53.81,0.0
352,3003,24.1898230958241,-110.660798977376,2025-03-26,22.02,60.47,0.0
353,3003,24.1898230958241,-110.660798977376,2025-03-27,21.4,59.4,0.0
354,3003,24.1898230958241,-110.660798977376,2025-03-28,20.95,61.44,0.0
355,3003,24.1898230958241,-110.660798977376,2025-03-29,20.97,54.73,0.0
356,3003,24.1898230958241,-110.660798977376,2025-03-30,21.9,50.83,0.0
357,3003,24.1898230958241,-110.660798977376,2025-03-31,24.05,42.36,0.0
358,3003,24.1898230958241,-110.660798977376,2025-04-01,23.73,44.74,0.0
359,3003,24.1898230958241,-110.660798977376,2025-04-02,20.67,48.06,0.0
360,3003,24.1898230958241,-110.660798977376,2025-04-03,18.43,54.23,0.0
361,3003,24.1898230958241,-110.660798977376,2025-04-04,16.54,57.88,0.0
362,3003,24.1898230958241,-110.660798977376,2025-04-05,18.47,52.31,0.0
363,3003,24.1898230958241,-110.660798977376,2025-04-06,20.13,48.9,0.0
364,3003,24.1898230958241,-110.660798977376,2025-04-07,22.0,43.48,0.0
365,3003,24.1898230958241,-110.660798977376,2025-04-08,23.3,39.18,0.0
366,3003,24.1898230958241,-110.660798977376,2025-04-09,22.82,49.75,0.0
367,3003,24.1898230958241,-110.660798977376,2025-04-10,23.34,49.21,0.0
368,3003,24.1898230958241,-110.660798977376,2025-04-11,24.15,43.71,0.0
369,3003,24.1898230958241,-110.660798977376,2025-04-12,23.35,54.37,0.0
370,3003,24.1898230958241,-110.660798977376,2025-04-13,23.28,53.05,0.0
371,3003,24.1898230958241,-110.660798977376,2025-04-14,25.64,39.48,0.0
372,3003,24.1898230958241,-110.660798977376,2025-04-15,25.78,46.21,0.0
373,3003,24.1898230958241,-110.660798977376,2025-04-16,24.59,46.27,0.0
374,3003,24.1898230958241,-110.660798977376,2025-04-17,25.11,47.74,0.0
375,3003,24.1898230958241,-110.660798977376,2025-04-18,22.67,50.87,0.0
376,3003,24.1898230958241,-110.660798977376,2025-04-19,21.73,55.3,0.0
377,3003,24.1898230958241,-110.660798977376,2025-04-20,22.23,56.55,0.0
378,3003,24.1898230958241,-110.660798977376,2025-04-21,20.04,60.61,0.0
379,3003,24.1898230958241,-110.660798977376,2025-04-22,19.83,64.12,0.0
380,3003,24.1898230958241,-110.660798977376,2025-04-23,20.69,60.7,0.0
381,3003,24.1898230958241,-110.660798977376,2025-04-24,21.04,60.8,0.0
382,3003,24.1898230958241,-110.660798977376,2025-04-25,21.08,59.11,0.0
383,3003,24.1898230958241,-110.660798977376,2025-04-26,23.26,49.95,0.0
384,3003,24.1898230958241,-110.660798977376,2025-04-27,23.42,48.45,0.0
385,3003,24.1898230958241,-110.660798977376,2025-04-28,23.8,46.63,0.0
386,3003,24.1898230958241,-110.660798977376,2025-04-29,23.15,46.8,0.0
387,3003,24.1898230958241,-110.660798977376,2025-04-30,22.2,52.22,0.0
388,3003,24.1898230958241,-110.660798977376,2025-05-01,21.47,51.97,0.0
389,3003,24.1898230958241,-110.660798977376,2025-05-02,21.53,54.2,0.0
390,3003,24.1898230958241,-110.660798977376,2025-05-03,22.0,52.82,0.0
391,3003,24.1898230958241,-110.660798977376,2025-05-04,19.96,67.44,0.0
392,3003,24.1898230958241,-110.660798977376,2025-05-05,18.54,62.37,0.0
393,3003,24.1898230958241,-110.660798977376,2025-05-06,19.02,61.34,0.0
394,3003,24.1898230958241,-110.660798977376,2025-05-07,21.05,61.38,0.0
395,3003,24.1898230958241,-110.660798977376,2025-05-08,23.42,52.31,0.0
396,3003,24.1898230958241,-110.660798977376,2025-05-09,24.77,51.05,0.0
397,3003,24.1898230958241,-110.660798977376,2025-05-10,24.95,52.08,0.0
398,3003,24.1898230958241,-110.660798977376,2025-05-11,24.64,53.07,0.0
399,3003,24.1898230958241,-110.660798977376,2025-05-12,23.62,55.17,0.0
400,3003,24.1898230958241,-110.660798977376,2025-05-13,22.48,57.79,0.0
401,3003,24.1898230958241,-110.660798977376,2025-05-14,24.29,52.28,0.0
402,3003,24.1898230958241,-110.660798977376,2025-05-15,26.8,43.47,0.0
403,3003,24.1898230958241,-110.660798977376,2025-05-16,25.64,42.55,0.0
404,3003,24.1898230958241,-110.660798977376,2025-05-17,25.66,41.11,0.0
405,3003,24.1898230958241,-110.660798977376,2025-05-18,24.7,44.56,0.0
406,3003,24.1898230958241,-110.660798977376,2025-05-19,22.59,54.79,0.0
407,3003,24.1898230958241,-110.660798977376,2025-05-20,22.67,55.08,0.0
408,3003,24.1898230958241,-110.660798977376,2025-05-21,23.13,53.9,0.0
409,3003,24.1898230958241,-110.660798977376,2025-05-22,23.21,55.33,0.0
410,3003,24.1898230958241,-110.660798977376,2025-05-23,24.12,50.97,0.0
411,3003,24.1898230958241,-110.660798977376,2025-05-24,25.04,45.58,0.0
412,3003,24.1898230958241,-110.660798977376,2025-05-25,25.63,45.64,0.0
413,3003,24.1898230958241,-110.660798977376,2025-05-26,26.5,40.44,0.0
414,3003,24.1898230958241,-110.660798977376,2025-05-27,25.89,41.94,0.0
415,3003,24.1898230958241,-110.660798977376,2025-05-28,24.59,45.5,0.0
416,3003,24.1898230958241,-110.660798977376,2025-05-29,23.14,53.05,0.0
417,3003,24.1898230958241,-110.660798977376,2025-05-30,24.83,52.99,0.2
418,3003,24.1898230958241,-110.660798977376,2025-05-31,27.23,58.96,0.95
419,3003,24.1898230958241,-110.660798977376,2025-06-01,24.92,71.18,0.37
420,3003,24.1898230958241,-110.660798977376,2025-06-02,23.96,66.06,0.02
421,3003,24.1898230958241,-110.660798977376,2025-06-03,23.51,65.37,0.02
422,3003,24.1898230958241,-110.660798977376,2025-06-04,22.9,62.19,0.04
423,3003,24.1898230958241,-110.660798977376,2025-06-05,23.25,59.29,0.0
424,3003,24.1898230958241,-110.660798977376,2025-06-06,25.67,47.34,0.0
425,3003,24.1898230958241,-110.660798977376,2025-06-07,27.69,42.25,0.0
426,3003,24.1898230958241,-110.660798977376,2025-06-08,27.25,48.18,0.0
427,3003,24.1898230958241,-110.660798977376,2025-06-09,27.9,49.58,0.0
428,3003,24.1898230958241,-110.660798977376,2025-06-10,25.36,54.12,0.0
429,3003,24.1898230958241,-110.660798977376,2025-06-11,25.76,53.23,0.0
430,3003,24.1898230958241,-110.660798977376,2025-06-12,26.52,50.67,0.0
431,3003,24.1898230958241,-110.660798977376,2025-06-13,26.67,53.54,0.0
432,3003,24.1898230958241,-110.660798977376,2025-06-14,27.55,51.47,0.0
433,3003,24.1898230958241,-110.660798977376,2025-06-15,25.82,58.43,0.0
434,3003,24.1898230958241,-110.660798977376,2025-06-16,27.45,62.47,0.0
435,3003,24.1898230958241,-110.660798977376,2025-06-17,27.34,65.3,0.0
436,3003,24.1898230958241,-110.660798977376,2025-06-18,26.26,63.13,0.0
437,3003,24.1898230958241,-110.660798977376,2025-06-19,26.47,55.7,0.0
438,3003,24.1898230958241,-110.660798977376,2025-06-20,26.5,59.29,0.05
439,3003,24.1898230958241,-110.660798977376,2025-06-21,25.23,59.27,0.0
440,3003,24.1898230958241,-110.660798977376,2025-06-22,25.36,54.91,0.0
441,3003,24.1898230958241,-110.660798977376,2025-06-23,25.23,55.08,0.0
442,3003,24.1898230958241,-110.660798977376,2025-06-24,25.28,54.98,0.0
443,3003,24.1898230958241,-110.660798977376,2025-06-25,26.96,49.99,0.0
444,3003,24.1898230958241,-110.660798977376,2025-06-26,27.45,51.78,0.0
445,3003,24.1898230958241,-110.660798977376,2025-06-27,27.42,51.61,0.0
446,3003,24.1898230958241,-110.660798977376,2025-06-28,27.83,53.17,0.37
447,3003,24.1898230958241,-110.660798977376,2025-06-29,29.18,46.79,0.0
448,3003,24.1898230958241,-110.660798977376,2025-06-30,29.08,48.98,0.0
449,3003,24.1898230958241,-110.660798977376,2025-07-01,28.46,56.45,0.0
450,3003,24.1898230958241,-110.660798977376,2025-07-02,27.38,62.47,3.33
451,3003,24.1898230958241,-110.660798977376,2025-07-03,28.5,64.43,0.57
452,3003,24.1898230958241,-110.660798977376,2025-07-04,27.87,62.74,0.0
453,3003,24.1898230958241,-110.660798977376,2025-07-05,28.61,58.19,0.01
454,3003,24.1898230958241,-110.660798977376,2025-07-06,27.67,57.35,0.4
455,3003,24.1898230958241,-110.660798977376,2025-07-07,28.38,55.33,0.04
456,3003,24.1898230958241,-110.660798977376,2025-07-08,28.45,62.47,0.67
457,3003,24.1898230958241,-110.660798977376,2025-07-09,27.92,54.84,0.38
458,3003,24.1898230958241,-110.660798977376,2025-07-10,28.76,50.86,0.03
459,3003,24.1898230958241,-110.660798977376,2025-07-11,28.35,55.03,0.01
460,3003,24.1898230958241,-110.660798977376,2025-07-12,29.43,58.34,0.24
461,3003,24.1898230958241,-110.660798977376,2025-07-13,29.05,52.63,0.01
462,3003,24.1898230958241,-110.660798977376,2025-07-14,28.96,49.89,0.01
463,3003,24.1898230958241,-110.660798977376,2025-07-15,28.92,52.76,0.61
464,3003,24.1898230958241,-110.660798977376,2025-07-16,28.89,51.36,0.01
465,3003,24.1898230958241,-110.660798977376,2025-07-17,29.13,48.35,0.0
466,3003,24.1898230958241,-110.660798977376,2025-07-18,29.47,46.04,0.0
467,3003,24.1898230958241,-110.660798977376,2025-07-19,28.63,48.8,1.17
468,3003,24.1898230958241,-110.660798977376,2025-07-20,28.24,53.11,0.15
469,3003,24.1898230958241,-110.660798977376,2025-07-21,27.06,57.04,0.0
470,3003,24.1898230958241,-110.660798977376,2025-07-22,27.32,56.61,0.0
471,3003,24.1898230958241,-110.660798977376,2025-07-23,27.74,53.2,0.0
472,3003,24.1898230958241,-110.660798977376,2025-07-24,28.94,49.17,0.0
473,3003,24.1898230958241,-110.660798977376,2025-07-25,29.94,48.41,0.0
474,3003,24.1898230958241,-110.660798977376,2025-07-26,30.05,47.97,0.0
475,3003,24.1898230958241,-110.660798977376,2025-07-27,31.03,48.81,0.0
476,3003,24.1898230958241,-110.660798977376,2025-07-28,31.45,53.85,0.0
477,3003,24.1898230958241,-110.660798977376,2025-07-29,30.79,54.04,0.01
478,3003,24.1898230958241,-110.660798977376,2025-07-30,31.72,46.19,0.0
479,3003,24.1898230958241,-110.660798977376,2025-07-31,30.92,54.52,0.0
480,3003,24.1898230958241,-110.660798977376,2025-08-01,30.87,53.97,0.0
481,3003,24.1898230958241,-110.660798977376,2025-08-02,30.69,49.55,0.0
482,3003,24.1898230958241,-110.660798977376,2025-08-03,30.89,51.25,0.0
483,3003,24.1898230958241,-110.660798977376,2025-08-04,30.18,49.95,0.0
484,3003,24.1898230958241,-110.660798977376,2025-08-05,29.77,52.9,0.32
485,3003,24.1898230958241,-110.660798977376,2025-08-06,30.46,56.92,0.0
486,3003,24.1898230958241,-110.660798977376,2025-08-07,30.69,61.16,0.22
487,3003,24.1898230958241,-110.660798977376,2025-08-08,30.15,64.29,6.0
488,3003,24.1898230958241,-110.660798977376,2025-08-09,29.31,69.05,6.34
489,3003,24.1898230958241,-110.660798977376,2025-08-10,29.15,68.54,0.77
490,3003,24.1898230958241,-110.660798977376,2025-08-11,29.82,66.73,0.35
491,3003,24.1898230958241,-110.660798977376,2025-08-12,29.57,63.01,0.03
492,3003,24.1898230958241,-110.660798977376,2025-08-13,30.46,55.26,0.49
493,3003,24.1898230958241,-110.660798977376,2025-08-14,29.76,57.54,1.87
494,3003,24.1898230958241,-110.660798977376,2025-08-15,28.83,65.7,1.9
495,3003,24.1898230958241,-110.660798977376,2025-08-16,28.39,67.96,9.8
496,3003,24.1898230958241,-110.660798977376,2025-08-17,29.31,60.45,0.98
497,3003,24.1898230958241,-110.660798977376,2025-08-18,29.69,59.26,0.0
498,3003,24.1898230958241,-110.660798977376,2025-08-19,29.93,57.18,0.0
499,3003,24.1898230958241,-110.660798977376,2025-08-20,30.52,55.44,0.97
500,3003,24.1898230958241,-110.660798977376,2025-08-21,29.89,62.19,2.34
501,3003,24.1898230958241,-110.660798977376,2025-08-22,29.75,62.01,1.16
502,3003,24.1898230958241,-110.660798977376,2025-08-23,30.75,54.25,0.04
503,3003,24.1898230958241,-110.660798977376,2025-08-24,30.14,63.06,5.44
504,3003,24.1898230958241,-110.660798977376,2025-08-25,30.32,65.95,6.71
505,3003,24.1898230958241,-110.660798977376,2025-08-26,28.86,75.42,10.37
506,3003,24.1898230958241,-110.660798977376,2025-08-27,29.87,69.04,4.2
507,3003,24.1898230958241,-110.660798977376,2025-08-28,28.47,76.28,15.95
508,3003,24.1898230958241,-110.660798977376,2025-08-29,28.86,73.59,4.27
509,3003,24.1898230958241,-110.660798977376,2025-08-30,29.28,71.29,0.29
510,3003,24.1898230958241,-110.660798977376,2025-08-31,28.7,74.57,16.01
511,3003,24.1898230958241,-110.660798977376,2025-09-01,30.08,66.72,4.93
512,3003,24.1898230958241,-110.660798977376,2025-09-02,29.91,68.72,7.74
513,3003,24.1898230958241,-110.660798977376,2025-09-03,27.58,85.57,21.82
514,3003,24.1898230958241,-110.660798977376,2025-09-04,28.1,80.94,11.55
515,3003,24.1898230958241,-110.660798977376,2025-09-05,27.87,79.86,11.69
516,3003,24.1898230958241,-110.660798977376,2025-09-06,28.84,74.05,2.59
517,3003,24.1898230958241,-110.660798977376,2025-09-07,29.67,70.58,3.24
518,3003,24.1898230958241,-110.660798977376,2025-09-08,30.27,68.74,1.93
519,3003,24.1898230958241,-110.660798977376,2025-09-09,30.48,66.98,3.95
520,3003,24.1898230958241,-110.660798977376,2025-09-10,29.67,73.52,3.45
521,3003,24.1898230958241,-110.660798977376,2025-09-11,28.96,76.85,6.36
522,3003,24.1898230958241,-110.660798977376,2025-09-12,28.79,74.76,4.13
523,3003,24.1898230958241,-110.660798977376,2025-09-13,29.01,69.62,0.55
524,3003,24.1898230958241,-110.660798977376,2025-09-14,29.1,69.48,6.32
525,3003,24.1898230958241,-110.660798977376,2025-09-15,28.87,76.54,5.71
526,3003,24.1898230958241,-110.660798977376,2025-09-16,29.34,75.87,9.3
527,3003,24.1898230958241,-110.660798977376,2025-09-17,29.27,74.48,6.88
528,3003,24.1898230958241,-110.660798977376,2025-09-18,29.83,70.71,2.97
529,3003,24.1898230958241,-110.660798977376,2025-09-19,30.32,73.12,5.16
530,3003,24.1898230958241,-110.660798977376,2025-09-20,30.14,74.51,3.06
531,3003,24.1898230958241,-110.660798977376,2025-09-21,30.05,73.68,1.34
532,3003,24.1898230958241,-110.660798977376,2025-09-22,30.2,70.56,3.04
533,3003,24.1898230958241,-110.660798977376,2025-09-23,30.68,67.57,2.58
534,3003,24.1898230958241,-110.660798977376,2025-09-24,31.22,68.47,2.99
535,3003,24.1898230958241,-110.660798977376,2025-09-25,28.84,80.85,6.03
536,3002,27.2866577903663,-113.227676462763,2025-01-01,16.63,54.01,0.0
537,3002,27.2866577903663,-113.227676462763,2025-01-02,17.58,36.64,0.0
538,3002,27.2866577903663,-113.227676462763,2025-01-03,16.82,45.52,0.0
539,3002,27.2866577903663,-113.227676462763,2025-01-04,16.26,62.5,0.0
540,3002,27.2866577903663,-113.227676462763,2025-01-05,15.58,54.5,0.0
541,3002,27.2866577903663,-113.227676462763,2025-01-06,16.14,37.06,0.0
542,3002,27.2866577903663,-113.227676462763,2025-01-07,14.15,69.88,0.0
543,3002,27.2866577903663,-113.227676462763,2025-01-08,14.3,59.74,0.03
544,3002,27.2866577903663,-113.227676462763,2025-01-09,13.48,56.16,0.0
545,3002,27.2866577903663,-113.227676462763,2025-01-10,11.85,55.38,0.0
546,3002,27.2866577903663,-113.227676462763,2025-01-11,14.37,51.98,0.0
547,3002,27.2866577903663,-113.227676462763,2025-01-12,13.62,47.68,0.0
548,3002,27.2866577903663,-113.227676462763,2025-01-13,12.5,53.03,0.0
549,3002,27.2866577903663,-113.227676462763,2025-01-14,12.75,53.05,0.0
550,3002,27.2866577903663,-113.227676462763,2025-01-15,14.27,48.33,0.0
551,3002,27.2866577903663,-113.227676462763,2025-01-16,14.78,42.81,0.0
552,3002,27.2866577903663,-113.227676462763,2025-01-17,13.1,66.95,0.0
553,3002,27.2866577903663,-113.227676462763,2025-01-18,13.26,62.36,0.0
554,3002,27.2866577903663,-113.227676462763,2025-01-19,14.35,58.72,0.0
555,3002,27.2866577903663,-113.227676462763,2025-01-20,14.41,58.6,0.0
556,3002,27.2866577903663,-113.227676462763,2025-01-21,13.74,43.46,0.0
557,3002,27.2866577903663,-113.227676462763,2025-01-22,14.05,40.15,0.1
558,3002,27.2866577903663,-113.227676462763,2025-01-23,15.77,29.14,0.0
559,3002,27.2866577903663,-113.227676462763,2025-01-24,15.13,34.95,0.0
560,3002,27.2866577903663,-113.227676462763,2025-01-25,14.38,60.07,0.0
561,3002,27.2866577903663,-113.227676462763,2025-01-26,15.04,66.19,0.0
562,3002,27.2866577903663,-113.227676462763,2025-01-27,13.69,65.27,0.0
563,3002,27.2866577903663,-113.227676462763,2025-01-28,11.76,69.28,0.0
564,3002,27.2866577903663,-113.227676462763,2025-01-29,11.36,70.84,0.0
565,3002,27.2866577903663,-113.227676462763,2025-01-30,13.02,62.11,0.0
566,3002,27.2866577903663,-113.227676462763,2025-01-31,13.92,57.98,0.0
567,3002,27.2866577903663,-113.227676462763,2025-02-01,16.71,36.84,0.0
568,3002,27.2866577903663,-113.227676462763,2025-02-02,20.36,22.42,0.0
569,3002,27.2866577903663,-113.227676462763,2025-02-03,19.22,45.47,0.0
570,3002,27.2866577903663,-113.227676462763,2025-02-04,15.84,69.05,0.0
571,3002,27.2866577903663,-113.227676462763,2025-02-05,16.76,60.53,0.0
572,3002,27.2866577903663,-113.227676462763,2025-02-06,16.67,62.0,0.0
573,3002,27.2866577903663,-113.227676462763,2025-02-07,18.49,49.96,0.0
574,3002,27.2866577903663,-113.227676462763,2025-02-08,19.27,49.5,0.0
575,3002,27.2866577903663,-113.227676462763,2025-02-09,20.02,45.85,0.0
576,3002,27.2866577903663,-113.227676462763,2025-02-10,17.03,61.96,0.0
577,3002,27.2866577903663,-113.227676462763,2025-02-11,13.31,68.9,0.0
578,3002,27.2866577903663,-113.227676462763,2025-02-12,14.81,60.77,0.0
579,3002,27.2866577903663,-113.227676462763,2025-02-13,17.4,60.47,0.0
580,3002,27.2866577903663,-113.227676462763,2025-02-14,17.51,68.08,0.0
581,3002,27.2866577903663,-113.227676462763,2025-02-15,15.75,58.12,0.0
582,3002,27.2866577903663,-113.227676462763,2025-02-16,18.24,34.55,0.0
583,3002,27.2866577903663,-113.227676462763,2025-02-17,16.96,50.27,0.0
584,3002,27.2866577903663,-113.227676462763,2025-02-18,17.27,54.76,0.0
585,3002,27.2866577903663,-113.227676462763,2025-02-19,18.36,40.82,0.0
586,3002,27.2866577903663,-113.227676462763,2025-02-20,19.09,48.99,0.0
587,3002,27.2866577903663,-113.227676462763,2025-02-21,19.79,43.6,0.0
588,3002,27.2866577903663,-113.227676462763,2025-02-22,19.64,27.47,0.0
589,3002,27.2866577903663,-113.227676462763,2025-02-23,19.97,17.88,0.0
590,3002,27.2866577903663,-113.227676462763,2025-02-24,20.31,26.14,0.0
591,3002,27.2866577903663,-113.227676462763,2025-02-25,20.1,47.62,0.0
592,3002,27.2866577903663,-113.227676462763,2025-02-26,21.02,45.76,0.0
593,3002,27.2866577903663,-113.227676462763,2025-02-27,21.65,24.47,0.0
594,3002,27.2866577903663,-113.227676462763,2025-02-28,22.15,13.05,0.0
595,3002,27.2866577903663,-113.227676462763,2025-03-01,16.68,55.67,0.0
596,3002,27.2866577903663,-113.227676462763,2025-03-02,16.84,59.67,0.0
597,3002,27.2866577903663,-113.227676462763,2025-03-03,15.02,53.49,0.0
598,3002,27.2866577903663,-113.227676462763,2025-03-04,15.55,51.13,0.0
599,3002,27.2866577903663,-113.227676462763,2025-03-05,18.19,41.26,0.0
600,3002,27.2866577903663,-113.227676462763,2025-03-06,15.42,65.87,0.12
601,3002,27.2866577903663,-113.227676462763,2025-03-07,14.38,64.78,0.24
602,3002,27.2866577903663,-113.227676462763,2025-03-08,14.38,55.12,0.0
603,3002,27.2866577903663,-113.227676462763,2025-03-09,17.22,29.51,0.0
604,3002,27.2866577903663,-113.227676462763,2025-03-10,18.06,39.67,0.0
605,3002,27.2866577903663,-113.227676462763,2025-03-11,16.33,71.96,0.21
606,3002,27.2866577903663,-113.227676462763,2025-03-12,17.91,64.27,0.11
607,3002,27.2866577903663,-113.227676462763,2025-03-13,15.65,71.59,0.18
608,3002,27.2866577903663,-113.227676462763,2025-03-14,13.84,64.81,0.0
609,3002,27.2866577903663,-113.227676462763,2025-03-15,16.25,58.76,0.0
610,3002,27.2866577903663,-113.227676462763,2025-03-16,18.26,43.43,0.01
611,3002,27.2866577903663,-113.227676462763,2025-03-17,19.9,44.42,0.0
612,3002,27.2866577903663,-113.227676462763,2025-03-18,18.02,42.86,0.0
613,3002,27.2866577903663,-113.227676462763,2025-03-19,18.03,22.31,0.0
614,3002,27.2866577903663,-113.227676462763,2025-03-20,20.4,19.91,0.0
615,3002,27.2866577903663,-113.227676462763,2025-03-21,20.46,45.42,0.0
616,3002,27.2866577903663,-113.227676462763,2025-03-22,18.52,51.59,0.0
617,3002,27.2866577903663,-113.227676462763,2025-03-23,19.65,50.37,0.04
618,3002,27.2866577903663,-113.227676462763,2025-03-24,23.39,39.76,0.0
619,3002,27.2866577903663,-113.227676462763,2025-03-25,22.34,37.53,0.0
620,3002,27.2866577903663,-113.227676462763,2025-03-26,18.86,64.17,0.0
621,3002,27.2866577903663,-113.227676462763,2025-03-27,18.27,62.59,0.0
622,3002,27.2866577903663,-113.227676462763,2025-03-28,18.62,61.02,0.0
623,3002,27.2866577903663,-113.227676462763,2025-03-29,17.5,57.62,0.0
624,3002,27.2866577903663,-113.227676462763,2025-03-30,17.92,53.95,0.0
625,3002,27.2866577903663,-113.227676462763,2025-03-31,22.45,45.47,0.0
626,3002,27.2866577903663,-113.227676462763,2025-04-01,19.12,54.41,0.0
627,3002,27.2866577903663,-113.227676462763,2025-04-02,14.76,61.2,0.0
628,3002,27.2866577903663,-113.227676462763,2025-04-03,13.58,58.54,0.0
629,3002,27.2866577903663,-113.227676462763,2025-04-04,15.07,54.5,0.0
630,3002,27.2866577903663,-113.227676462763,2025-04-05,17.33,47.87,0.0
631,3002,27.2866577903663,-113.227676462763,2025-04-06,19.39,24.58,0.0
632,3002,27.2866577903663,-113.227676462763,2025-04-07,21.8,19.15,0.0
633,3002,27.2866577903663,-113.227676462763,2025-04-08,24.06,24.42,0.0
634,3002,27.2866577903663,-113.227676462763,2025-04-09,25.24,24.28,0.0
635,3002,27.2866577903663,-113.227676462763,2025-04-10,26.1,27.5,0.0
636,3002,27.2866577903663,-113.227676462763,2025-04-11,26.39,26.1,0.0
637,3002,27.2866577903663,-113.227676462763,2025-04-12,26.41,26.22,0.0
638,3002,27.2866577903663,-113.227676462763,2025-04-13,23.27,33.14,0.0
639,3002,27.2866577903663,-113.227676462763,2025-04-14,23.16,40.93,0.0
640,3002,27.2866577903663,-113.227676462763,2025-04-15,19.19,51.68,0.0
641,3002,27.2866577903663,-113.227676462763,2025-04-16,18.22,57.35,0.0
642,3002,27.2866577903663,-113.227676462763,2025-04-17,18.31,56.36,0.0
643,3002,27.2866577903663,-113.227676462763,2025-04-18,17.74,59.33,0.87
644,3002,27.2866577903663,-113.227676462763,2025-04-19,19.57,52.7,0.99
645,3002,27.2866577903663,-113.227676462763,2025-04-20,22.14,30.07,0.0
646,3002,27.2866577903663,-113.227676462763,2025-04-21,21.14,45.41,0.0
647,3002,27.2866577903663,-113.227676462763,2025-04-22,19.81,53.62,0.0
648,3002,27.2866577903663,-113.227676462763,2025-04-23,18.35,59.79,0.0
649,3002,27.2866577903663,-113.227676462763,2025-04-24,19.94,55.57,0.0
650,3002,27.2866577903663,-113.227676462763,2025-04-25,18.9,56.82,0.0
651,3002,27.2866577903663,-113.227676462763,2025-04-26,18.54,55.4,0.0
652,3002,27.2866577903663,-113.227676462763,2025-04-27,18.22,52.34,0.0
653,3002,27.2866577903663,-113.227676462763,2025-04-28,18.04,56.27,0.0
654,3002,27.2866577903663,-113.227676462763,2025-04-29,19.87,49.2,0.0
655,3002,27.2866577903663,-113.227676462763,2025-04-30,21.74,46.44,0.0
656,3002,27.2866577903663,-113.227676462763,2025-05-01,20.43,53.8,0.0
657,3002,27.2866577903663,-113.227676462763,2025-05-02,19.29,58.04,0.0
658,3002,27.2866577903663,-113.227676462763,2025-05-03,19.53,60.28,0.0
659,3002,27.2866577903663,-113.227676462763,2025-05-04,17.61,61.01,0.1
660,3002,27.2866577903663,-113.227676462763,2025-05-05,16.98,54.93,0.07
661,3002,27.2866577903663,-113.227676462763,2025-05-06,19.18,57.37,0.0
662,3002,27.2866577903663,-113.227676462763,2025-05-07,20.65,55.72,0.0
663,3002,27.2866577903663,-113.227676462763,2025-05-08,23.9,43.88,0.0
664,3002,27.2866577903663,-113.227676462763,2025-05-09,27.43,32.79,0.0
665,3002,27.2866577903663,-113.227676462763,2025-05-10,29.26,30.78,0.0
666,3002,27.2866577903663,-113.227676462763,2025-05-11,31.01,25.86,0.0
667,3002,27.2866577903663,-113.227676462763,2025-05-12,28.09,29.5,0.0
668,3002,27.2866577903663,-113.227676462763,2025-05-13,23.43,32.7,0.0
669,3002,27.2866577903663,-113.227676462763,2025-05-14,21.39,35.19,0.0
670,3002,27.2866577903663,-113.227676462763,2025-05-15,21.28,46.86,0.0
671,3002,27.2866577903663,-113.227676462763,2025-05-16,19.33,54.47,0.0
672,3002,27.2866577903663,-113.227676462763,2025-05-17,19.92,55.55,0.0
673,3002,27.2866577903663,-113.227676462763,2025-05-18,19.67,60.43,0.0
674,3002,27.2866577903663,-113.227676462763,2025-05-19,21.83,50.51,0.0
675,3002,27.2866577903663,-113.227676462763,2025-05-20,25.51,39.54,0.0
676,3002,27.2866577903663,-113.227676462763,2025-05-21,26.94,36.12,0.0
677,3002,27.2866577903663,-113.227676462763,2025-05-22,25.5,36.62,0.0
678,3002,27.2866577903663,-113.227676462763,2025-05-23,23.83,44.19,0.0
679,3002,27.2866577903663,-113.227676462763,2025-05-24,22.7,46.74,0.0
680,3002,27.2866577903663,-113.227676462763,2025-05-25,22.1,47.93,0.0
681,3002,27.2866577903663,-113.227676462763,2025-05-26,21.22,56.21,0.0
682,3002,27.2866577903663,-113.227676462763,2025-05-27,21.78,54.06,0.0
683,3002,27.2866577903663,-113.227676462763,2025-05-28,21.86,52.49,0.0
684,3002,27.2866577903663,-113.227676462763,2025-05-29,22.0,51.66,0.0
685,3002,27.2866577903663,-113.227676462763,2025-05-30,24.19,40.89,0.0
686,3002,27.2866577903663,-113.227676462763,2025-05-31,27.3,41.07,0.12
687,3002,27.2866577903663,-113.227676462763,2025-06-01,26.2,53.96,0.65
688,3002,27.2866577903663,-113.227676462763,2025-06-02,24.59,55.46,0.01
689,3002,27.2866577903663,-113.227676462763,2025-06-03,23.91,51.62,0.02
690,3002,27.2866577903663,-113.227676462763,2025-06-04,22.61,50.93,0.0
691,3002,27.2866577903663,-113.227676462763,2025-06-05,23.56,46.61,0.0
692,3002,27.2866577903663,-113.227676462763,2025-06-06,22.75,52.73,0.0
693,3002,27.2866577903663,-113.227676462763,2025-06-07,24.43,47.59,0.0
694,3002,27.2866577903663,-113.227676462763,2025-06-08,26.11,42.62,0.0
695,3002,27.2866577903663,-113.227676462763,2025-06-09,25.67,46.31,0.0
696,3002,27.2866577903663,-113.227676462763,2025-06-10,25.38,44.17,0.0
697,3002,27.2866577903663,-113.227676462763,2025-06-11,25.48,42.33,0.0
698,3002,27.2866577903663,-113.227676462763,2025-06-12,25.64,42.02,0.0
699,3002,27.2866577903663,-113.227676462763,2025-06-13,25.13,44.43,0.0
700,3002,27.2866577903663,-113.227676462763,2025-06-14,26.6,35.44,0.0
701,3002,27.2866577903663,-113.227676462763,2025-06-15,29.27,33.73,0.0
702,3002,27.2866577903663,-113.227676462763,2025-06-16,31.55,27.17,0.0
703,3002,27.2866577903663,-113.227676462763,2025-06-17,29.23,29.33,0.0
704,3002,27.2866577903663,-113.227676462763,2025-06-18,29.73,34.2,0.0
705,3002,27.2866577903663,-113.227676462763,2025-06-19,28.24,37.27,0.0
706,3002,27.2866577903663,-113.227676462763,2025-06-20,26.83,41.18,0.0
707,3002,27.2866577903663,-113.227676462763,2025-06-21,23.26,48.45,0.0
708,3002,27.2866577903663,-113.227676462763,2025-06-22,23.13,47.97,0.0
709,3002,27.2866577903663,-113.227676462763,2025-06-23,24.44,42.08,0.0
710,3002,27.2866577903663,-113.227676462763,2025-06-24,23.94,41.11,0.0
711,3002,27.2866577903663,-113.227676462763,2025-06-25,26.65,38.78,0.0
712,3002,27.2866577903663,-113.227676462763,2025-06-26,28.72,38.12,0.0
713,3002,27.2866577903663,-113.227676462763,2025-06-27,29.61,35.62,0.0
714,3002,27.2866577903663,-113.227676462763,2025-06-28,29.61,33.09,0.0
715,3002,27.2866577903663,-113.227676462763,2025-06-29,28.23,32.88,0.0
716,3002,27.2866577903663,-113.227676462763,2025-06-30,29.5,36.4,0.0
717,3002,27.2866577903663,-113.227676462763,2025-07-01,28.1,37.52,0.0
718,3002,27.2866577903663,-113.227676462763,2025-07-02,26.6,41.4,0.0
719,3002,27.2866577903663,-113.227676462763,2025-07-03,28.06,40.25,0.0
720,3002,27.2866577903663,-113.227676462763,2025-07-04,29.4,44.7,0.0
721,3002,27.2866577903663,-113.227676462763,2025-07-05,29.84,39.21,0.0
722,3002,27.2866577903663,-113.227676462763,2025-07-06,29.3,34.26,0.01
723,3002,27.2866577903663,-113.227676462763,2025-07-07,26.86,42.91,0.38
724,3002,27.2866577903663,-113.227676462763,2025-07-08,28.97,36.05,0.01
725,3002,27.2866577903663,-113.227676462763,2025-07-09,28.93,34.55,0.02
726,3002,27.2866577903663,-113.227676462763,2025-07-10,30.13,40.69,0.0
727,3002,27.2866577903663,-113.227676462763,2025-07-11,29.01,44.57,0.0
728,3002,27.2866577903663,-113.227676462763,2025-07-12,28.82,40.05,0.0
729,3002,27.2866577903663,-113.227676462763,2025-07-13,27.67,38.87,0.0
730,3002,27.2866577903663,-113.227676462763,2025-07-14,27.64,40.4,0.0
731,3002,27.2866577903663,-113.227676462763,2025-07-15,28.15,39.77,0.0
732,3002,27.2866577903663,-113.227676462763,2025-07-16,28.08,43.76,0.0
733,3002,27.2866577903663,-113.227676462763,2025-07-17,28.15,41.63,0.0
734,3002,27.2866577903663,-113.227676462763,2025-07-18,28.08,38.26,0.0
735,3002,27.2866577903663,-113.227676462763,2025-07-19,27.5,44.06,0.0
736,3002,27.2866577903663,-113.227676462763,2025-07-20,26.69,47.91,0.02
737,3002,27.2866577903663,-113.227676462763,2025-07-21,25.15,50.72,0.0
738,3002,27.2866577903663,-113.227676462763,2025-07-22,24.71,53.35,0.0
739,3002,27.2866577903663,-113.227676462763,2025-07-23,25.79,50.69,0.0
740,3002,27.2866577903663,-113.227676462763,2025-07-24,29.26,41.16,0.0
741,3002,27.2866577903663,-113.227676462763,2025-07-25,30.01,32.0,0.0
742,3002,27.2866577903663,-113.227676462763,2025-07-26,30.79,32.63,0.0
743,3002,27.2866577903663,-113.227676462763,2025-07-27,29.88,31.46,0.0
744,3002,27.2866577903663,-113.227676462763,2025-07-28,27.81,37.54,0.0
745,3002,27.2866577903663,-113.227676462763,2025-07-29,28.77,39.11,0.0
746,3002,27.2866577903663,-113.227676462763,2025-07-30,30.92,34.93,0.0
747,3002,27.2866577903663,-113.227676462763,2025-07-31,31.85,25.93,0.0
748,3002,27.2866577903663,-113.227676462763,2025-08-01,29.45,30.05,0.0
749,3002,27.2866577903663,-113.227676462763,2025-08-02,29.36,38.28,0.0
750,3002,27.2866577903663,-113.227676462763,2025-08-03,29.42,38.23,0.0
751,3002,27.2866577903663,-113.227676462763,2025-08-04,31.54,31.81,0.19
752,3002,27.2866577903663,-113.227676462763,2025-08-05,31.99,27.89,0.0
753,3002,27.2866577903663,-113.227676462763,2025-08-06,30.7,34.05,0.03
754,3002,27.2866577903663,-113.227676462763,2025-08-07,33.14,35.93,0.0
755,3002,27.2866577903663,-113.227676462763,2025-08-08,29.65,42.65,0.0
756,3002,27.2866577903663,-113.227676462763,2025-08-09,31.19,39.45,0.0
757,3002,27.2866577903663,-113.227676462763,2025-08-10,31.34,39.13,0.0
758,3002,27.2866577903663,-113.227676462763,2025-08-11,31.76,41.14,0.0
759,3002,27.2866577903663,-113.227676462763,2025-08-12,31.01,36.78,0.01
760,3002,27.2866577903663,-113.227676462763,2025-08-13,30.26,39.02,0.03
761,3002,27.2866577903663,-113.227676462763,2025-08-14,29.16,42.75,0.0
762,3002,27.2866577903663,-113.227676462763,2025-08-15,28.96,46.07,0.02
763,3002,27.2866577903663,-113.227676462763,2025-08-16,28.96,45.48,0.0
764,3002,27.2866577903663,-113.227676462763,2025-08-17,28.66,39.9,0.0
765,3002,27.2866577903663,-113.227676462763,2025-08-18,28.86,39.25,0.01
766,3002,27.2866577903663,-113.227676462763,2025-08-19,31.16,30.87,0.0
767,3002,27.2866577903663,-113.227676462763,2025-08-20,32.18,31.7,0.01
768,3002,27.2866577903663,-113.227676462763,2025-08-21,33.56,34.47,0.16
769,3002,27.2866577903663,-113.227676462763,2025-08-22,33.4,35.1,0.0
770,3002,27.2866577903663,-113.227676462763,2025-08-23,31.94,30.41,0.01
771,3002,27.2866577903663,-113.227676462763,2025-08-24,31.94,35.5,0.0
772,3002,27.2866577903663,-113.227676462763,2025-08-25,31.34,38.16,0.0
773,3002,27.2866577903663,-113.227676462763,2025-08-26,30.48,48.18,0.25
774,3002,27.2866577903663,-113.227676462763,2025-08-27,31.78,46.98,0.04
775,3002,27.2866577903663,-113.227676462763,2025-08-28,32.66,42.82,0.44
776,3002,27.2866577903663,-113.227676462763,2025-08-29,30.9,45.71,0.0
777,3002,27.2866577903663,-113.227676462763,2025-08-30,31.8,42.63,0.11
778,3002,27.2866577903663,-113.227676462763,2025-08-31,32.54,44.99,5.55
779,3002,27.2866577903663,-113.227676462763,2025-09-01,32.48,46.06,4.25
780,3002,27.2866577903663,-113.227676462763,2025-09-02,32.63,43.88,1.86
781,3002,27.2866577903663,-113.227676462763,2025-09-03,30.55,54.35,9.12
782,3002,27.2866577903663,-113.227676462763,2025-09-04,25.41,76.14,19.65
783,3002,27.2866577903663,-113.227676462763,2025-09-05,26.86,76.85,15.9
784,3002,27.2866577903663,-113.227676462763,2025-09-06,28.16,71.43,6.18
785,3002,27.2866577903663,-113.227676462763,2025-09-07,30.64,58.16,3.03
786,3002,27.2866577903663,-113.227676462763,2025-09-08,30.61,49.5,0.0
787,3002,27.2866577903663,-113.227676462763,2025-09-09,30.32,44.29,0.0
788,3002,27.2866577903663,-113.227676462763,2025-09-10,29.46,46.8,0.25
789,3002,27.2866577903663,-113.227676462763,2025-09-11,29.32,47.9,0.0
790,3002,27.2866577903663,-113.227676462763,2025-09-12,28.59,42.85,0.0
791,3002,27.2866577903663,-113.227676462763,2025-09-13,26.99,44.96,0.0
792,3002,27.2866577903663,-113.227676462763,2025-09-14,28.27,50.29,2.29
793,3002,27.2866577903663,-113.227676462763,2025-09-15,30.41,54.11,4.58
794,3002,27.2866577903663,-113.227676462763,2025-09-16,28.59,61.03,3.13
795,3002,27.2866577903663,-113.227676462763,2025-09-17,29.74,57.86,4.68
796,3002,27.2866577903663,-113.227676462763,2025-09-18,30.27,56.04,2.69
797,3002,27.2866577903663,-113.227676462763,2025-09-19,30.76,56.66,2.98
798,3002,27.2866577903663,-113.227676462763,2025-09-20,31.84,53.02,3.26
799,3002,27.2866577903663,-113.227676462763,2025-09-21,31.36,48.99,1.0
800,3002,27.2866577903663,-113.227676462763,2025-09-22,31.72,43.07,0.03
801,3002,27.2866577903663,-113.227676462763,2025-09-23,32.89,44.31,0.77
802,3002,27.2866577903663,-113.227676462763,2025-09-24,32.46,42.96,0.0
803,3002,27.2866577903663,-113.227676462763,2025-09-25,30.79,46.03,0.07
804,3008,23.2764206906794,-109.753472435686,2025-01-01,20.94,52.0,0.0
805,3008,23.2764206906794,-109.753472435686,2025-01-02,20.98,52.93,0.0
806,3008,23.2764206906794,-109.753472435686,2025-01-03,21.32,54.48,0.0
807,3008,23.2764206906794,-109.753472435686,2025-01-04,20.89,56.27,0.0
808,3008,23.2764206906794,-109.753472435686,2025-01-05,20.92,59.19,0.0
809,3008,23.2764206906794,-109.753472435686,2025-01-06,20.9,57.53,0.0
810,3008,23.2764206906794,-109.753472435686,2025-01-07,19.7,64.65,0.0
811,3008,23.2764206906794,-109.753472435686,2025-01-08,18.89,72.8,0.12
812,3008,23.2764206906794,-109.753472435686,2025-01-09,17.32,55.13,0.02
813,3008,23.2764206906794,-109.753472435686,2025-01-10,16.18,58.13,0.0
814,3008,23.2764206906794,-109.753472435686,2025-01-11,16.68,52.58,0.0
815,3008,23.2764206906794,-109.753472435686,2025-01-12,17.64,56.43,0.0
816,3008,23.2764206906794,-109.753472435686,2025-01-13,17.9,62.1,0.0
817,3008,23.2764206906794,-109.753472435686,2025-01-14,17.63,59.17,0.0
818,3008,23.2764206906794,-109.753472435686,2025-01-15,18.04,58.76,0.0
819,3008,23.2764206906794,-109.753472435686,2025-01-16,19.06,56.69,0.0
820,3008,23.2764206906794,-109.753472435686,2025-01-17,19.91,62.16,0.0
821,3008,23.2764206906794,-109.753472435686,2025-01-18,18.2,65.18,0.0
822,3008,23.2764206906794,-109.753472435686,2025-01-19,17.72,59.44,0.0
823,3008,23.2764206906794,-109.753472435686,2025-01-20,18.43,54.48,0.0
824,3008,23.2764206906794,-109.753472435686,2025-01-21,18.33,58.17,0.0
825,3008,23.2764206906794,-109.753472435686,2025-01-22,17.86,57.5,0.0
826,3008,23.2764206906794,-109.753472435686,2025-01-23,18.1,60.6,0.0
827,3008,23.2764206906794,-109.753472435686,2025-01-24,19.43,55.12,0.0
828,3008,23.2764206906794,-109.753472435686,2025-01-25,20.12,51.62,0.0
829,3008,23.2764206906794,-109.753472435686,2025-01-26,21.8,61.61,0.0
830,3008,23.2764206906794,-109.753472435686,2025-01-27,19.93,67.99,0.0
831,3008,23.2764206906794,-109.753472435686,2025-01-28,18.89,57.82,0.0
832,3008,23.2764206906794,-109.753472435686,2025-01-29,16.66,61.34,0.0
833,3008,23.2764206906794,-109.753472435686,2025-01-30,16.41,57.37,0.0
834,3008,23.2764206906794,-109.753472435686,2025-01-31,17.05,59.21,0.0
835,3008,23.2764206906794,-109.753472435686,2025-02-01,17.94,55.77,0.0
836,3008,23.2764206906794,-109.753472435686,2025-02-02,19.99,38.8,0.0
837,3008,23.2764206906794,-109.753472435686,2025-02-03,20.41,42.94,0.0
838,3008,23.2764206906794,-109.753472435686,2025-02-04,18.78,55.76,0.0
839,3008,23.2764206906794,-109.753472435686,2025-02-05,18.8,59.27,0.0
840,3008,23.2764206906794,-109.753472435686,2025-02-06,19.76,59.49,0.0
841,3008,23.2764206906794,-109.753472435686,2025-02-07,20.53,54.32,0.0
842,3008,23.2764206906794,-109.753472435686,2025-02-08,21.57,47.86,0.0
843,3008,23.2764206906794,-109.753472435686,2025-02-09,21.7,47.56,0.0
844,3008,23.2764206906794,-109.753472435686,2025-02-10,21.69,52.69,0.0
845,3008,23.2764206906794,-109.753472435686,2025-02-11,21.19,59.32,0.0
846,3008,23.2764206906794,-109.753472435686,2025-02-12,18.59,53.29,0.0
847,3008,23.2764206906794,-109.753472435686,2025-02-13,19.45,56.31,0.0
848,3008,23.2764206906794,-109.753472435686,2025-02-14,20.53,54.63,0.0
849,3008,23.2764206906794,-109.753472435686,2025-02-15,20.41,57.57,0.0
850,3008,23.2764206906794,-109.753472435686,2025-02-16,20.29,53.13,0.0
851,3008,23.2764206906794,-109.753472435686,2025-02-17,20.65,47.67,0.0
852,3008,23.2764206906794,-109.753472435686,2025-02-18,21.36,46.28,0.0
853,3008,23.2764206906794,-109.753472435686,2025-02-19,22.05,46.4,0.0
854,3008,23.2764206906794,-109.753472435686,2025-02-20,21.86,40.49,0.0
855,3008,23.2764206906794,-109.753472435686,2025-02-21,22.15,43.15,0.0
856,3008,23.2764206906794,-109.753472435686,2025-02-22,21.36,48.1,0.0
857,3008,23.2764206906794,-109.753472435686,2025-02-23,21.32,40.33,0.0
858,3008,23.2764206906794,-109.753472435686,2025-02-24,21.66,34.38,0.0
859,3008,23.2764206906794,-109.753472435686,2025-02-25,22.45,37.86,0.0
860,3008,23.2764206906794,-109.753472435686,2025-02-26,21.85,48.92,0.0
861,3008,23.2764206906794,-109.753472435686,2025-02-27,23.01,41.98,0.0
862,3008,23.2764206906794,-109.753472435686,2025-02-28,22.85,40.68,0.0
863,3008,23.2764206906794,-109.753472435686,2025-03-01,21.76,48.51,0.0
864,3008,23.2764206906794,-109.753472435686,2025-03-02,22.43,48.28,0.0
865,3008,23.2764206906794,-109.753472435686,2025-03-03,21.62,47.16,0.0
866,3008,23.2764206906794,-109.753472435686,2025-03-04,19.35,48.95,0.0
867,3008,23.2764206906794,-109.753472435686,2025-03-05,20.11,46.53,0.0
868,3008,23.2764206906794,-109.753472435686,2025-03-06,20.16,55.22,0.0
869,3008,23.2764206906794,-109.753472435686,2025-03-07,19.58,54.61,0.0
870,3008,23.2764206906794,-109.753472435686,2025-03-08,17.05,62.16,0.0
871,3008,23.2764206906794,-109.753472435686,2025-03-09,19.42,51.85,0.0
872,3008,23.2764206906794,-109.753472435686,2025-03-10,20.07,41.87,0.0
873,3008,23.2764206906794,-109.753472435686,2025-03-11,20.38,53.6,0.0
874,3008,23.2764206906794,-109.753472435686,2025-03-12,20.64,60.64,0.0
875,3008,23.2764206906794,-109.753472435686,2025-03-13,20.61,58.89,0.0
876,3008,23.2764206906794,-109.753472435686,2025-03-14,19.37,62.25,0.0
877,3008,23.2764206906794,-109.753472435686,2025-03-15,18.93,60.04,0.0
878,3008,23.2764206906794,-109.753472435686,2025-03-16,20.66,53.78,0.0
879,3008,23.2764206906794,-109.753472435686,2025-03-17,22.45,36.55,0.0
880,3008,23.2764206906794,-109.753472435686,2025-03-18,21.96,47.97,0.0
881,3008,23.2764206906794,-109.753472435686,2025-03-19,20.96,45.78,0.0
882,3008,23.2764206906794,-109.753472435686,2025-03-20,21.6,42.43,0.0
883,3008,23.2764206906794,-109.753472435686,2025-03-21,22.75,32.88,0.0
884,3008,23.2764206906794,-109.753472435686,2025-03-22,21.93,38.51,0.0
885,3008,23.2764206906794,-109.753472435686,2025-03-23,22.77,42.94,0.0
886,3008,23.2764206906794,-109.753472435686,2025-03-24,23.05,45.93,0.0
887,3008,23.2764206906794,-109.753472435686,2025-03-25,23.91,40.22,0.0
888,3008,23.2764206906794,-109.753472435686,2025-03-26,23.76,46.47,0.0
889,3008,23.2764206906794,-109.753472435686,2025-03-27,21.92,54.83,0.0
890,3008,23.2764206906794,-109.753472435686,2025-03-28,22.23,54.08,0.0
891,3008,23.2764206906794,-109.753472435686,2025-03-29,22.57,49.45,0.0
892,3008,23.2764206906794,-109.753472435686,2025-03-30,22.58,48.83,0.0
893,3008,23.2764206906794,-109.753472435686,2025-03-31,24.46,38.83,0.0
894,3008,23.2764206906794,-109.753472435686,2025-04-01,24.66,39.21,0.0
895,3008,23.2764206906794,-109.753472435686,2025-04-02,21.37,47.9,0.0
896,3008,23.2764206906794,-109.753472435686,2025-04-03,19.35,53.1,0.0
897,3008,23.2764206906794,-109.753472435686,2025-04-04,17.03,53.03,0.0
898,3008,23.2764206906794,-109.753472435686,2025-04-05,18.49,51.35,0.0
899,3008,23.2764206906794,-109.753472435686,2025-04-06,20.05,47.85,0.0
900,3008,23.2764206906794,-109.753472435686,2025-04-07,22.21,45.0,0.0
901,3008,23.2764206906794,-109.753472435686,2025-04-08,23.52,36.33,0.0
902,3008,23.2764206906794,-109.753472435686,2025-04-09,24.27,32.69,0.0
903,3008,23.2764206906794,-109.753472435686,2025-04-10,25.26,35.5,0.0
904,3008,23.2764206906794,-109.753472435686,2025-04-11,26.53,30.72,0.0
905,3008,23.2764206906794,-109.753472435686,2025-04-12,25.59,38.32,0.0
906,3008,23.2764206906794,-109.753472435686,2025-04-13,25.78,35.61,0.0
907,3008,23.2764206906794,-109.753472435686,2025-04-14,26.27,36.67,0.0
908,3008,23.2764206906794,-109.753472435686,2025-04-15,26.16,44.19,0.0
909,3008,23.2764206906794,-109.753472435686,2025-04-16,25.5,45.56,0.0
910,3008,23.2764206906794,-109.753472435686,2025-04-17,25.69,46.81,0.0
911,3008,23.2764206906794,-109.753472435686,2025-04-18,23.77,50.9,0.0
912,3008,23.2764206906794,-109.753472435686,2025-04-19,22.71,52.86,0.0
913,3008,23.2764206906794,-109.753472435686,2025-04-20,22.96,51.21,0.0
914,3008,23.2764206906794,-109.753472435686,2025-04-21,21.79,47.71,0.0
915,3008,23.2764206906794,-109.753472435686,2025-04-22,21.31,52.87,0.0
916,3008,23.2764206906794,-109.753472435686,2025-04-23,21.66,53.78,0.0
917,3008,23.2764206906794,-109.753472435686,2025-04-24,22.12,54.77,0.0
918,3008,23.2764206906794,-109.753472435686,2025-04-25,22.28,51.23,0.0
919,3008,23.2764206906794,-109.753472435686,2025-04-26,23.37,45.54,0.0
920,3008,23.2764206906794,-109.753472435686,2025-04-27,24.07,48.67,0.0
921,3008,23.2764206906794,-109.753472435686,2025-04-28,24.71,46.09,0.0
922,3008,23.2764206906794,-109.753472435686,2025-04-29,23.57,45.93,0.0
923,3008,23.2764206906794,-109.753472435686,2025-04-30,23.63,47.98,0.0
924,3008,23.2764206906794,-109.753472435686,2025-05-01,23.55,38.37,0.0
925,3008,23.2764206906794,-109.753472435686,2025-05-02,22.97,44.62,0.0
926,3008,23.2764206906794,-109.753472435686,2025-05-03,23.92,42.71,0.0
927,3008,23.2764206906794,-109.753472435686,2025-05-04,21.32,55.87,0.0
928,3008,23.2764206906794,-109.753472435686,2025-05-05,19.31,59.32,0.0
929,3008,23.2764206906794,-109.753472435686,2025-05-06,19.72,53.91,0.0
930,3008,23.2764206906794,-109.753472435686,2025-05-07,21.39,55.93,0.0
931,3008,23.2764206906794,-109.753472435686,2025-05-08,23.65,51.2,0.0
932,3008,23.2764206906794,-109.753472435686,2025-05-09,25.54,43.47,0.0
933,3008,23.2764206906794,-109.753472435686,2025-05-10,26.41,41.04,0.0
934,3008,23.2764206906794,-109.753472435686,2025-05-11,26.72,38.27,0.0
935,3008,23.2764206906794,-109.753472435686,2025-05-12,25.31,42.06,0.0
936,3008,23.2764206906794,-109.753472435686,2025-05-13,25.06,41.45,0.0
937,3008,23.2764206906794,-109.753472435686,2025-05-14,25.09,45.59,0.0
938,3008,23.2764206906794,-109.753472435686,2025-05-15,26.72,46.47,0.0
939,3008,23.2764206906794,-109.753472435686,2025-05-16,26.93,39.93,0.0
940,3008,23.2764206906794,-109.753472435686,2025-05-17,26.79,38.52,0.0
941,3008,23.2764206906794,-109.753472435686,2025-05-18,25.93,39.9,0.0
942,3008,23.2764206906794,-109.753472435686,2025-05-19,24.2,45.2,0.0
943,3008,23.2764206906794,-109.753472435686,2025-05-20,24.94,43.97,0.0
944,3008,23.2764206906794,-109.753472435686,2025-05-21,25.53,38.64,0.0
945,3008,23.2764206906794,-109.753472435686,2025-05-22,25.75,39.89,0.0
946,3008,23.2764206906794,-109.753472435686,2025-05-23,26.69,37.09,0.0
947,3008,23.2764206906794,-109.753472435686,2025-05-24,27.39,32.37,0.0
948,3008,23.2764206906794,-109.753472435686,2025-05-25,27.42,35.99,0.0
949,3008,23.2764206906794,-109.753472435686,2025-05-26,28.31,35.36,0.0
950,3008,23.2764206906794,-109.753472435686,2025-05-27,28.07,33.93,0.0
951,3008,23.2764206906794,-109.753472435686,2025-05-28,26.87,34.15,0.0
952,3008,23.2764206906794,-109.753472435686,2025-05-29,25.7,39.92,0.0
953,3008,23.2764206906794,-109.753472435686,2025-05-30,26.68,48.23,0.48
954,3008,23.2764206906794,-109.753472435686,2025-05-31,26.79,63.82,2.32
955,3008,23.2764206906794,-109.753472435686,2025-06-01,24.61,72.86,0.36
956,3008,23.2764206906794,-109.753472435686,2025-06-02,24.57,63.19,0.02
957,3008,23.2764206906794,-109.753472435686,2025-06-03,24.55,61.28,0.03
958,3008,23.2764206906794,-109.753472435686,2025-06-04,24.48,57.85,0.02
959,3008,23.2764206906794,-109.753472435686,2025-06-05,25.4,51.64,0.0
960,3008,23.2764206906794,-109.753472435686,2025-06-06,27.39,41.85,0.0
961,3008,23.2764206906794,-109.753472435686,2025-06-07,29.0,38.41,0.0
962,3008,23.2764206906794,-109.753472435686,2025-06-08,28.69,42.99,0.0
963,3008,23.2764206906794,-109.753472435686,2025-06-09,28.81,44.67,0.0
964,3008,23.2764206906794,-109.753472435686,2025-06-10,27.82,42.89,0.0
965,3008,23.2764206906794,-109.753472435686,2025-06-11,27.84,46.43,0.0
966,3008,23.2764206906794,-109.753472435686,2025-06-12,28.1,47.48,0.0
967,3008,23.2764206906794,-109.753472435686,2025-06-13,28.08,51.99,0.0
968,3008,23.2764206906794,-109.753472435686,2025-06-14,28.5,49.44,0.0
969,3008,23.2764206906794,-109.753472435686,2025-06-15,27.95,52.63,0.0
970,3008,23.2764206906794,-109.753472435686,2025-06-16,28.14,64.16,0.02
971,3008,23.2764206906794,-109.753472435686,2025-06-17,28.55,57.32,0.0
972,3008,23.2764206906794,-109.753472435686,2025-06-18,28.07,57.18,0.0
973,3008,23.2764206906794,-109.753472435686,2025-06-19,28.23,50.02,0.0
974,3008,23.2764206906794,-109.753472435686,2025-06-20,27.9,54.35,0.11
975,3008,23.2764206906794,-109.753472435686,2025-06-21,27.17,52.63,0.06
976,3008,23.2764206906794,-109.753472435686,2025-06-22,27.08,49.22,0.0
977,3008,23.2764206906794,-109.753472435686,2025-06-23,26.75,50.01,0.0
978,3008,23.2764206906794,-109.753472435686,2025-06-24,26.9,51.44,0.0
979,3008,23.2764206906794,-109.753472435686,2025-06-25,28.14,48.89,0.07
980,3008,23.2764206906794,-109.753472435686,2025-06-26,28.37,48.83,0.01
981,3008,23.2764206906794,-109.753472435686,2025-06-27,28.72,47.31,0.07
982,3008,23.2764206906794,-109.753472435686,2025-06-28,29.32,46.29,0.82
983,3008,23.2764206906794,-109.753472435686,2025-06-29,29.71,46.48,0.0
984,3008,23.2764206906794,-109.753472435686,2025-06-30,29.88,45.87,0.0
985,3008,23.2764206906794,-109.753472435686,2025-07-01,29.22,49.4,0.0
986,3008,23.2764206906794,-109.753472435686,2025-07-02,27.6,65.8,4.63
987,3008,23.2764206906794,-109.753472435686,2025-07-03,27.3,72.2,1.8
988,3008,23.2764206906794,-109.753472435686,2025-07-04,27.35,63.03,0.09
989,3008,23.2764206906794,-109.753472435686,2025-07-05,28.92,55.12,0.05
990,3008,23.2764206906794,-109.753472435686,2025-07-06,28.44,55.93,0.88
991,3008,23.2764206906794,-109.753472435686,2025-07-07,28.94,56.9,0.42
992,3008,23.2764206906794,-109.753472435686,2025-07-08,27.62,68.32,4.77
993,3008,23.2764206906794,-109.753472435686,2025-07-09,28.84,57.86,1.77
994,3008,23.2764206906794,-109.753472435686,2025-07-10,29.19,52.13,0.39
995,3008,23.2764206906794,-109.753472435686,2025-07-11,28.49,54.32,0.16
996,3008,23.2764206906794,-109.753472435686,2025-07-12,29.37,59.82,0.64
997,3008,23.2764206906794,-109.753472435686,2025-07-13,29.23,56.06,0.37
998,3008,23.2764206906794,-109.753472435686,2025-07-14,29.4,49.93,0.13
999,3008,23.2764206906794,-109.753472435686,2025-07-15,29.45,52.4,0.36
1000,3008,23.2764206906794,-109.753472435686,2025-07-16,29.63,51.99,0.01
1001,3008,23.2764206906794,-109.753472435686,2025-07-17,29.82,48.25,0.0
1002,3008,23.2764206906794,-109.753472435686,2025-07-18,30.14,45.89,0.0
1003,3008,23.2764206906794,-109.753472435686,2025-07-19,28.95,48.54,2.65
1004,3008,23.2764206906794,-109.753472435686,2025-07-20,29.16,47.09,0.39
1005,3008,23.2764206906794,-109.753472435686,2025-07-21,28.21,53.98,0.01
1006,3008,23.2764206906794,-109.753472435686,2025-07-22,28.8,50.57,0.0
1007,3008,23.2764206906794,-109.753472435686,2025-07-23,29.28,48.19,0.0
1008,3008,23.2764206906794,-109.753472435686,2025-07-24,29.97,44.25,0.0
1009,3008,23.2764206906794,-109.753472435686,2025-07-25,31.04,42.21,0.0
1010,3008,23.2764206906794,-109.753472435686,2025-07-26,30.84,43.22,0.0
1011,3008,23.2764206906794,-109.753472435686,2025-07-27,31.51,43.4,0.0
1012,3008,23.2764206906794,-109.753472435686,2025-07-28,31.24,52.07,0.01
1013,3008,23.2764206906794,-109.753472435686,2025-07-29,31.43,48.98,0.11
1014,3008,23.2764206906794,-109.753472435686,2025-07-30,31.97,45.65,0.0
1015,3008,23.2764206906794,-109.753472435686,2025-07-31,31.25,51.78,0.0
1016,3008,23.2764206906794,-109.753472435686,2025-08-01,31.09,54.95,0.0
1017,3008,23.2764206906794,-109.753472435686,2025-08-02,30.75,52.35,0.02
1018,3008,23.2764206906794,-109.753472435686,2025-08-03,31.25,48.78,0.0
1019,3008,23.2764206906794,-109.753472435686,2025-08-04,30.48,49.15,0.0
1020,3008,23.2764206906794,-109.753472435686,2025-08-05,30.9,47.7,0.81
1021,3008,23.2764206906794,-109.753472435686,2025-08-06,30.94,49.7,0.03
1022,3008,23.2764206906794,-109.753472435686,2025-08-07,30.64,57.87,1.07
1023,3008,23.2764206906794,-109.753472435686,2025-08-08,28.64,66.55,8.9
1024,3008,23.2764206906794,-109.753472435686,2025-08-09,27.87,72.87,5.0
1025,3008,23.2764206906794,-109.753472435686,2025-08-10,28.84,64.36,0.67
1026,3008,23.2764206906794,-109.753472435686,2025-08-11,29.24,64.95,0.91
1027,3008,23.2764206906794,-109.753472435686,2025-08-12,29.16,65.09,0.48
1028,3008,23.2764206906794,-109.753472435686,2025-08-13,29.86,60.07,1.62
1029,3008,23.2764206906794,-109.753472435686,2025-08-14,29.47,61.44,1.92
1030,3008,23.2764206906794,-109.753472435686,2025-08-15,28.76,65.02,2.66
1031,3008,23.2764206906794,-109.753472435686,2025-08-16,28.54,66.57,4.5
1032,3008,23.2764206906794,-109.753472435686,2025-08-17,29.0,64.21,1.07
1033,3008,23.2764206906794,-109.753472435686,2025-08-18,29.64,60.1,0.03
1034,3008,23.2764206906794,-109.753472435686,2025-08-19,30.21,56.26,0.03
1035,3008,23.2764206906794,-109.753472435686,2025-08-20,31.07,54.48,2.1
1036,3008,23.2764206906794,-109.753472435686,2025-08-21,30.2,60.69,1.89
1037,3008,23.2764206906794,-109.753472435686,2025-08-22,29.85,61.03,1.56
1038,3008,23.2764206906794,-109.753472435686,2025-08-23,30.09,60.13,0.23
1039,3008,23.2764206906794,-109.753472435686,2025-08-24,29.93,61.64,3.87
1040,3008,23.2764206906794,-109.753472435686,2025-08-25,29.38,65.69,5.02
1041,3008,23.2764206906794,-109.753472435686,2025-08-26,28.43,72.76,8.93
1042,3008,23.2764206906794,-109.753472435686,2025-08-27,29.56,66.1,2.97
1043,3008,23.2764206906794,-109.753472435686,2025-08-28,27.83,75.37,10.08
1044,3008,23.2764206906794,-109.753472435686,2025-08-29,28.3,73.39,2.45
1045,3008,23.2764206906794,-109.753472435686,2025-08-30,29.01,69.16,0.17
1046,3008,23.2764206906794,-109.753472435686,2025-08-31,28.89,70.03,6.49
1047,3008,23.2764206906794,-109.753472435686,2025-09-01,29.74,65.79,4.38
1048,3008,23.2764206906794,-109.753472435686,2025-09-02,28.32,74.57,11.08
1049,3008,23.2764206906794,-109.753472435686,2025-09-03,26.77,88.03,25.86
1050,3008,23.2764206906794,-109.753472435686,2025-09-04,27.14,83.55,10.12
1051,3008,23.2764206906794,-109.753472435686,2025-09-05,27.05,80.93,12.36
1052,3008,23.2764206906794,-109.753472435686,2025-09-06,28.01,75.06,1.57
1053,3008,23.2764206906794,-109.753472435686,2025-09-07,29.0,70.44,2.09
1054,3008,23.2764206906794,-109.753472435686,2025-09-08,28.97,72.92,1.94
1055,3008,23.2764206906794,-109.753472435686,2025-09-09,29.27,73.0,3.23
1056,3008,23.2764206906794,-109.753472435686,2025-09-10,28.65,76.5,1.52
1057,3008,23.2764206906794,-109.753472435686,2025-09-11,28.34,76.76,5.23
1058,3008,23.2764206906794,-109.753472435686,2025-09-12,28.61,75.6,3.91
1059,3008,23.2764206906794,-109.753472435686,2025-09-13,28.08,74.92,1.4
1060,3008,23.2764206906794,-109.753472435686,2025-09-14,28.25,73.12,6.88
1061,3008,23.2764206906794,-109.753472435686,2025-09-15,27.99,79.37,5.63
1062,3008,23.2764206906794,-109.753472435686,2025-09-16,28.29,76.55,7.38
1063,3008,23.2764206906794,-109.753472435686,2025-09-17,28.32,74.9,8.56
1064,3008,23.2764206906794,-109.753472435686,2025-09-18,28.77,72.72,2.02
1065,3008,23.2764206906794,-109.753472435686,2025-09-19,28.57,79.08,6.34
1066,3008,23.2764206906794,-109.753472435686,2025-09-20,28.81,74.56,0.98
1067,3008,23.2764206906794,-109.753472435686,2025-09-21,28.94,76.98,1.31
1068,3008,23.2764206906794,-109.753472435686,2025-09-22,29.4,74.59,0.91
1069,3008,23.2764206906794,-109.753472435686,2025-09-23,29.85,72.0,1.17
1070,3008,23.2764206906794,-109.753472435686,2025-09-24,30.18,72.94,1.55
1071,3008,23.2764206906794,-109.753472435686,2025-09-25,28.26,79.7,6.38
1072,3001,25.4889179824423,-111.818222164671,2025-01-01,19.32,50.12,0.0
1073,3001,25.4889179824423,-111.818222164671,2025-01-02,20.39,46.13,0.0
1074,3001,25.4889179824423,-111.818222164671,2025-01-03,19.18,57.2,0.0
1075,3001,25.4889179824423,-111.818222164671,2025-01-04,18.27,59.6,0.0
1076,3001,25.4889179824423,-111.818222164671,2025-01-05,19.97,53.88,0.0
1077,3001,25.4889179824423,-111.818222164671,2025-01-06,18.32,58.81,0.0
1078,3001,25.4889179824423,-111.818222164671,2025-01-07,16.5,73.53,0.05
1079,3001,25.4889179824423,-111.818222164671,2025-01-08,16.54,64.58,0.94
1080,3001,25.4889179824423,-111.818222164671,2025-01-09,15.66,60.84,0.09
1081,3001,25.4889179824423,-111.818222164671,2025-01-10,14.8,47.61,0.0
1082,3001,25.4889179824423,-111.818222164671,2025-01-11,15.99,44.92,0.0
1083,3001,25.4889179824423,-111.818222164671,2025-01-12,17.4,60.28,0.0
1084,3001,25.4889179824423,-111.818222164671,2025-01-13,16.45,49.41,0.0
1085,3001,25.4889179824423,-111.818222164671,2025-01-14,15.8,48.53,0.0
1086,3001,25.4889179824423,-111.818222164671,2025-01-15,15.02,50.36,0.0
1087,3001,25.4889179824423,-111.818222164671,2025-01-16,16.43,55.57,0.0
1088,3001,25.4889179824423,-111.818222164671,2025-01-17,17.67,59.39,0.0
1089,3001,25.4889179824423,-111.818222164671,2025-01-18,16.88,50.59,0.0
1090,3001,25.4889179824423,-111.818222164671,2025-01-19,17.22,54.98,0.0
1091,3001,25.4889179824423,-111.818222164671,2025-01-20,17.27,55.6,0.0
1092,3001,25.4889179824423,-111.818222164671,2025-01-21,16.28,44.29,0.0
1093,3001,25.4889179824423,-111.818222164671,2025-01-22,17.21,37.21,0.0
1094,3001,25.4889179824423,-111.818222164671,2025-01-23,18.44,33.63,0.0
1095,3001,25.4889179824423,-111.818222164671,2025-01-24,18.01,42.17,0.0
1096,3001,25.4889179824423,-111.818222164671,2025-01-25,17.29,71.13,0.0
1097,3001,25.4889179824423,-111.818222164671,2025-01-26,16.97,81.67,0.0
1098,3001,25.4889179824423,-111.818222164671,2025-01-27,18.21,59.68,0.0
1099,3001,25.4889179824423,-111.818222164671,2025-01-28,15.47,60.23,0.0
1100,3001,25.4889179824423,-111.818222164671,2025-01-29,14.89,52.91,0.0
1101,3001,25.4889179824423,-111.818222164671,2025-01-30,15.14,52.37,0.0
1102,3001,25.4889179824423,-111.818222164671,2025-01-31,16.43,44.37,0.0
1103,3001,25.4889179824423,-111.818222164671,2025-02-01,17.54,49.85,0.0
1104,3001,25.4889179824423,-111.818222164671,2025-02-02,19.64,39.96,0.0
1105,3001,25.4889179824423,-111.818222164671,2025-02-03,18.44,55.66,0.0
1106,3001,25.4889179824423,-111.818222164671,2025-02-04,15.95,76.3,0.0
1107,3001,25.4889179824423,-111.818222164671,2025-02-05,16.95,72.12,0.0
1108,3001,25.4889179824423,-111.818222164671,2025-02-06,18.47,70.1,0.0
1109,3001,25.4889179824423,-111.818222164671,2025-02-07,20.56,53.99,0.0
1110,3001,25.4889179824423,-111.818222164671,2025-02-08,20.66,43.55,0.0
1111,3001,25.4889179824423,-111.818222164671,2025-02-09,19.56,64.41,0.0
1112,3001,25.4889179824423,-111.818222164671,2025-02-10,18.56,69.37,0.0
1113,3001,25.4889179824423,-111.818222164671,2025-02-11,16.83,67.55,0.0
1114,3001,25.4889179824423,-111.818222164671,2025-02-12,16.04,63.43,0.0
1115,3001,25.4889179824423,-111.818222164671,2025-02-13,18.3,60.53,0.0
1116,3001,25.4889179824423,-111.818222164671,2025-02-14,19.36,65.49,0.0
1117,3001,25.4889179824423,-111.818222164671,2025-02-15,20.16,51.36,0.0
1118,3001,25.4889179824423,-111.818222164671,2025-02-16,19.24,48.43,0.0
1119,3001,25.4889179824423,-111.818222164671,2025-02-17,18.57,55.07,0.0
1120,3001,25.4889179824423,-111.818222164671,2025-02-18,19.16,63.18,0.0
1121,3001,25.4889179824423,-111.818222164671,2025-02-19,20.52,50.7,0.0
1122,3001,25.4889179824423,-111.818222164671,2025-02-20,18.79,54.83,0.0
1123,3001,25.4889179824423,-111.818222164671,2025-02-21,19.82,60.33,0.01
1124,3001,25.4889179824423,-111.818222164671,2025-02-22,21.43,41.95,0.01
1125,3001,25.4889179824423,-111.818222164671,2025-02-23,21.37,23.08,0.01
1126,3001,25.4889179824423,-111.818222164671,2025-02-24,21.01,33.25,0.0
1127,3001,25.4889179824423,-111.818222164671,2025-02-25,20.91,50.92,0.0
1128,3001,25.4889179824423,-111.818222164671,2025-02-26,21.3,61.16,0.0
1129,3001,25.4889179824423,-111.818222164671,2025-02-27,23.91,39.26,0.0
1130,3001,25.4889179824423,-111.818222164671,2025-02-28,23.21,24.85,0.0
1131,3001,25.4889179824423,-111.818222164671,2025-03-01,18.85,56.68,0.0
1132,3001,25.4889179824423,-111.818222164671,2025-03-02,20.47,50.96,0.0
1133,3001,25.4889179824423,-111.818222164671,2025-03-03,20.52,42.77,0.0
1134,3001,25.4889179824423,-111.818222164671,2025-03-04,18.96,39.78,0.0
1135,3001,25.4889179824423,-111.818222164671,2025-03-05,19.16,47.31,0.0
1136,3001,25.4889179824423,-111.818222164671,2025-03-06,17.13,72.13,0.0
1137,3001,25.4889179824423,-111.818222164671,2025-03-07,15.73,68.92,0.0
1138,3001,25.4889179824423,-111.818222164671,2025-03-08,15.91,48.4,0.0
1139,3001,25.4889179824423,-111.818222164671,2025-03-09,19.0,42.56,0.0
1140,3001,25.4889179824423,-111.818222164671,2025-03-10,18.65,61.22,0.0
1141,3001,25.4889179824423,-111.818222164671,2025-03-11,15.94,74.34,0.0
1142,3001,25.4889179824423,-111.818222164671,2025-03-12,18.48,71.03,0.0
1143,3001,25.4889179824423,-111.818222164671,2025-03-13,16.54,79.09,0.0
1144,3001,25.4889179824423,-111.818222164671,2025-03-14,16.13,66.33,0.0
1145,3001,25.4889179824423,-111.818222164671,2025-03-15,17.81,60.82,0.0
1146,3001,25.4889179824423,-111.818222164671,2025-03-16,21.25,46.06,0.0
1147,3001,25.4889179824423,-111.818222164671,2025-03-17,20.85,55.57,0.0
1148,3001,25.4889179824423,-111.818222164671,2025-03-18,21.15,47.57,0.0
1149,3001,25.4889179824423,-111.818222164671,2025-03-19,20.97,23.47,0.0
1150,3001,25.4889179824423,-111.818222164671,2025-03-20,22.01,26.05,0.0
1151,3001,25.4889179824423,-111.818222164671,2025-03-21,20.97,45.28,0.0
1152,3001,25.4889179824423,-111.818222164671,2025-03-22,20.69,55.08,0.0
1153,3001,25.4889179824423,-111.818222164671,2025-03-23,20.62,56.57,0.0
1154,3001,25.4889179824423,-111.818222164671,2025-03-24,22.89,47.51,0.0
1155,3001,25.4889179824423,-111.818222164671,2025-03-25,21.86,51.38,0.01
1156,3001,25.4889179824423,-111.818222164671,2025-03-26,19.89,68.57,0.01
1157,3001,25.4889179824423,-111.818222164671,2025-03-27,19.54,64.98,0.0
1158,3001,25.4889179824423,-111.818222164671,2025-03-28,19.91,63.13,0.0
1159,3001,25.4889179824423,-111.818222164671,2025-03-29,17.77,63.93,0.0
1160,3001,25.4889179824423,-111.818222164671,2025-03-30,20.49,50.51,0.0
1161,3001,25.4889179824423,-111.818222164671,2025-03-31,23.86,35.65,0.0
1162,3001,25.4889179824423,-111.818222164671,2025-04-01,22.37,42.86,0.0
1163,3001,25.4889179824423,-111.818222164671,2025-04-02,17.75,55.77,0.0
1164,3001,25.4889179824423,-111.818222164671,2025-04-03,15.54,59.9,0.0
1165,3001,25.4889179824423,-111.818222164671,2025-04-04,15.11,60.54,0.0
1166,3001,25.4889179824423,-111.818222164671,2025-04-05,18.37,50.11,0.0
1167,3001,25.4889179824423,-111.818222164671,2025-04-06,21.3,26.85,0.0
1168,3001,25.4889179824423,-111.818222164671,2025-04-07,23.57,23.05,0.0
1169,3001,25.4889179824423,-111.818222164671,2025-04-08,24.54,21.62,0.0
1170,3001,25.4889179824423,-111.818222164671,2025-04-09,24.79,33.97,0.0
1171,3001,25.4889179824423,-111.818222164671,2025-04-10,25.32,35.87,0.0
1172,3001,25.4889179824423,-111.818222164671,2025-04-11,25.41,36.47,0.0
1173,3001,25.4889179824423,-111.818222164671,2025-04-12,25.3,44.91,0.0
1174,3001,25.4889179824423,-111.818222164671,2025-04-13,22.39,54.81,0.0
1175,3001,25.4889179824423,-111.818222164671,2025-04-14,20.81,52.71,0.0
1176,3001,25.4889179824423,-111.818222164671,2025-04-15,20.59,62.76,0.0
1177,3001,25.4889179824423,-111.818222164671,2025-04-16,20.47,56.66,0.0
1178,3001,25.4889179824423,-111.818222164671,2025-04-17,20.56,59.5,0.0
1179,3001,25.4889179824423,-111.818222164671,2025-04-18,19.27,56.78,0.0
1180,3001,25.4889179824423,-111.818222164671,2025-04-19,20.28,57.1,0.0
1181,3001,25.4889179824423,-111.818222164671,2025-04-20,21.16,57.16,0.0
1182,3001,25.4889179824423,-111.818222164671,2025-04-21,19.8,64.66,0.0
1183,3001,25.4889179824423,-111.818222164671,2025-04-22,19.11,67.22,0.0
1184,3001,25.4889179824423,-111.818222164671,2025-04-23,19.3,64.82,0.0
1185,3001,25.4889179824423,-111.818222164671,2025-04-24,20.1,65.67,0.0
1186,3001,25.4889179824423,-111.818222164671,2025-04-25,19.41,64.54,0.0
1187,3001,25.4889179824423,-111.818222164671,2025-04-26,21.11,54.14,0.0
1188,3001,25.4889179824423,-111.818222164671,2025-04-27,21.47,47.01,0.0
1189,3001,25.4889179824423,-111.818222164671,2025-04-28,20.88,47.91,0.0
1190,3001,25.4889179824423,-111.818222164671,2025-04-29,20.8,49.56,0.0
1191,3001,25.4889179824423,-111.818222164671,2025-04-30,20.93,54.96,0.0
1192,3001,25.4889179824423,-111.818222164671,2025-05-01,20.04,61.39,0.0
1193,3001,25.4889179824423,-111.818222164671,2025-05-02,20.44,59.64,0.0
1194,3001,25.4889179824423,-111.818222164671,2025-05-03,19.86,62.79,0.0
1195,3001,25.4889179824423,-111.818222164671,2025-05-04,17.95,74.2,0.0
1196,3001,25.4889179824423,-111.818222164671,2025-05-05,16.85,63.76,0.0
1197,3001,25.4889179824423,-111.818222164671,2025-05-06,18.86,63.88,0.0
1198,3001,25.4889179824423,-111.818222164671,2025-05-07,20.96,62.26,0.0
1199,3001,25.4889179824423,-111.818222164671,2025-05-08,24.71,49.38,0.0
1200,3001,25.4889179824423,-111.818222164671,2025-05-09,26.09,45.37,0.0
1201,3001,25.4889179824423,-111.818222164671,2025-05-10,25.72,49.9,0.0
1202,3001,25.4889179824423,-111.818222164671,2025-05-11,25.81,51.38,0.0
1203,3001,25.4889179824423,-111.818222164671,2025-05-12,24.07,52.51,0.01
1204,3001,25.4889179824423,-111.818222164671,2025-05-13,21.27,60.73,0.0
1205,3001,25.4889179824423,-111.818222164671,2025-05-14,23.16,50.99,0.0
1206,3001,25.4889179824423,-111.818222164671,2025-05-15,23.43,47.59,0.0
1207,3001,25.4889179824423,-111.818222164671,2025-05-16,20.86,55.14,0.0
1208,3001,25.4889179824423,-111.818222164671,2025-05-17,19.45,63.24,0.0
1209,3001,25.4889179824423,-111.818222164671,2025-05-18,20.35,62.89,0.0
1210,3001,25.4889179824423,-111.818222164671,2025-05-19,20.59,59.64,0.0
1211,3001,25.4889179824423,-111.818222164671,2025-05-20,22.29,58.81,0.0
1212,3001,25.4889179824423,-111.818222164671,2025-05-21,23.52,56.59,0.0
1213,3001,25.4889179824423,-111.818222164671,2025-05-22,23.28,57.65,0.0
1214,3001,25.4889179824423,-111.818222164671,2025-05-23,24.07,51.13,0.0
1215,3001,25.4889179824423,-111.818222164671,2025-05-24,22.52,56.58,0.0
1216,3001,25.4889179824423,-111.818222164671,2025-05-25,23.97,50.54,0.0
1217,3001,25.4889179824423,-111.818222164671,2025-05-26,23.74,47.41,0.0
1218,3001,25.4889179824423,-111.818222164671,2025-05-27,21.34,59.9,0.0
1219,3001,25.4889179824423,-111.818222164671,2025-05-28,20.96,63.67,0.0
1220,3001,25.4889179824423,-111.818222164671,2025-05-29,21.14,62.74,0.0
1221,3001,25.4889179824423,-111.818222164671,2025-05-30,23.28,57.61,0.0
1222,3001,25.4889179824423,-111.818222164671,2025-05-31,27.54,47.52,2.97
1223,3001,25.4889179824423,-111.818222164671,2025-06-01,22.48,71.33,16.13
1224,3001,25.4889179824423,-111.818222164671,2025-06-02,21.94,72.35,0.1
1225,3001,25.4889179824423,-111.818222164671,2025-06-03,21.44,71.18,0.08
1226,3001,25.4889179824423,-111.818222164671,2025-06-04,21.21,68.34,0.08
1227,3001,25.4889179824423,-111.818222164671,2025-06-05,21.16,66.24,0.0
1228,3001,25.4889179824423,-111.818222164671,2025-06-06,21.74,63.11,0.0
1229,3001,25.4889179824423,-111.818222164671,2025-06-07,24.88,53.7,0.0
1230,3001,25.4889179824423,-111.818222164671,2025-06-08,26.76,50.31,0.0
1231,3001,25.4889179824423,-111.818222164671,2025-06-09,25.57,54.06,0.0
1232,3001,25.4889179824423,-111.818222164671,2025-06-10,24.77,53.79,0.0
1233,3001,25.4889179824423,-111.818222164671,2025-06-11,22.83,58.65,0.0
1234,3001,25.4889179824423,-111.818222164671,2025-06-12,23.46,59.5,0.0
1235,3001,25.4889179824423,-111.818222164671,2025-06-13,24.61,54.67,0.0
1236,3001,25.4889179824423,-111.818222164671,2025-06-14,26.31,52.44,0.0
1237,3001,25.4889179824423,-111.818222164671,2025-06-15,27.08,53.75,0.0
1238,3001,25.4889179824423,-111.818222164671,2025-06-16,26.77,54.01,0.0
1239,3001,25.4889179824423,-111.818222164671,2025-06-17,26.81,52.6,0.0
1240,3001,25.4889179824423,-111.818222164671,2025-06-18,25.53,53.39,0.01
1241,3001,25.4889179824423,-111.818222164671,2025-06-19,27.1,53.24,0.0
1242,3001,25.4889179824423,-111.818222164671,2025-06-20,24.93,57.48,0.0
1243,3001,25.4889179824423,-111.818222164671,2025-06-21,23.13,61.64,0.0
1244,3001,25.4889179824423,-111.818222164671,2025-06-22,22.88,60.9,0.0
1245,3001,25.4889179824423,-111.818222164671,2025-06-23,23.19,54.85,0.0
1246,3001,25.4889179824423,-111.818222164671,2025-06-24,23.82,54.46,0.0
1247,3001,25.4889179824423,-111.818222164671,2025-06-25,25.7,51.83,0.0
1248,3001,25.4889179824423,-111.818222164671,2025-06-26,27.76,47.44,0.0
1249,3001,25.4889179824423,-111.818222164671,2025-06-27,27.68,48.57,0.0
1250,3001,25.4889179824423,-111.818222164671,2025-06-28,27.32,48.86,0.0
1251,3001,25.4889179824423,-111.818222164671,2025-06-29,28.47,49.14,0.0
1252,3001,25.4889179824423,-111.818222164671,2025-06-30,29.65,47.07,0.0
1253,3001,25.4889179824423,-111.818222164671,2025-07-01,29.78,45.9,0.0
1254,3001,25.4889179824423,-111.818222164671,2025-07-02,25.89,50.26,0.0
1255,3001,25.4889179824423,-111.818222164671,2025-07-03,27.69,53.89,0.57
1256,3001,25.4889179824423,-111.818222164671,2025-07-04,29.45,54.81,0.01
1257,3001,25.4889179824423,-111.818222164671,2025-07-05,29.51,53.09,0.0
1258,3001,25.4889179824423,-111.818222164671,2025-07-06,28.7,51.56,0.0
1259,3001,25.4889179824423,-111.818222164671,2025-07-07,28.39,51.88,0.05
1260,3001,25.4889179824423,-111.818222164671,2025-07-08,28.7,47.76,0.0
1261,3001,25.4889179824423,-111.818222164671,2025-07-09,28.92,49.68,0.0
1262,3001,25.4889179824423,-111.818222164671,2025-07-10,27.89,53.46,0.0
1263,3001,25.4889179824423,-111.818222164671,2025-07-11,27.14,58.83,0.0
1264,3001,25.4889179824423,-111.818222164671,2025-07-12,27.52,55.78,0.0
1265,3001,25.4889179824423,-111.818222164671,2025-07-13,27.77,49.77,0.0
1266,3001,25.4889179824423,-111.818222164671,2025-07-14,26.97,50.41,0.0
1267,3001,25.4889179824423,-111.818222164671,2025-07-15,26.66,53.19,0.0
1268,3001,25.4889179824423,-111.818222164671,2025-07-16,26.88,55.75,0.0
1269,3001,25.4889179824423,-111.818222164671,2025-07-17,27.12,54.56,0.0
1270,3001,25.4889179824423,-111.818222164671,2025-07-18,27.73,49.52,0.0
1271,3001,25.4889179824423,-111.818222164671,2025-07-19,27.9,51.51,0.01
1272,3001,25.4889179824423,-111.818222164671,2025-07-20,28.33,52.76,0.01
1273,3001,25.4889179824423,-111.818222164671,2025-07-21,25.38,58.62,0.0
1274,3001,25.4889179824423,-111.818222164671,2025-07-22,25.57,59.85,0.0
1275,3001,25.4889179824423,-111.818222164671,2025-07-23,26.25,56.89,0.01
1276,3001,25.4889179824423,-111.818222164671,2025-07-24,29.24,49.87,0.0
1277,3001,25.4889179824423,-111.818222164671,2025-07-25,30.06,51.83,0.0
1278,3001,25.4889179824423,-111.818222164671,2025-07-26,29.92,51.15,0.0
1279,3001,25.4889179824423,-111.818222164671,2025-07-27,31.38,48.6,0.0
1280,3001,25.4889179824423,-111.818222164671,2025-07-28,32.54,46.04,0.07
1281,3001,25.4889179824423,-111.818222164671,2025-07-29,30.65,40.98,0.0
1282,3001,25.4889179824423,-111.818222164671,2025-07-30,30.2,43.19,0.0
1283,3001,25.4889179824423,-111.818222164671,2025-07-31,30.26,42.1,0.0
1284,3001,25.4889179824423,-111.818222164671,2025-08-01,30.06,44.52,0.0
1285,3001,25.4889179824423,-111.818222164671,2025-08-02,29.26,54.47,0.0
1286,3001,25.4889179824423,-111.818222164671,2025-08-03,29.83,52.06,0.0
1287,3001,25.4889179824423,-111.818222164671,2025-08-04,29.95,45.03,0.08
1288,3001,25.4889179824423,-111.818222164671,2025-08-05,30.19,50.19,0.0
1289,3001,25.4889179824423,-111.818222164671,2025-08-06,31.07,49.85,0.0
1290,3001,25.4889179824423,-111.818222164671,2025-08-07,29.87,53.83,0.0
1291,3001,25.4889179824423,-111.818222164671,2025-08-08,28.88,55.18,0.1
1292,3001,25.4889179824423,-111.818222164671,2025-08-09,30.57,53.71,0.63
1293,3001,25.4889179824423,-111.818222164671,2025-08-10,30.62,57.34,0.0
1294,3001,25.4889179824423,-111.818222164671,2025-08-11,30.13,60.63,0.03
1295,3001,25.4889179824423,-111.818222164671,2025-08-12,30.14,56.96,0.0
1296,3001,25.4889179824423,-111.818222164671,2025-08-13,30.68,51.02,0.22
1297,3001,25.4889179824423,-111.818222164671,2025-08-14,29.36,55.31,0.06
1298,3001,25.4889179824423,-111.818222164671,2025-08-15,28.26,59.73,0.15
1299,3001,25.4889179824423,-111.818222164671,2025-08-16,28.49,58.29,0.04
1300,3001,25.4889179824423,-111.818222164671,2025-08-17,29.54,56.32,0.0
1301,3001,25.4889179824423,-111.818222164671,2025-08-18,30.09,51.33,0.0
1302,3001,25.4889179824423,-111.818222164671,2025-08-19,30.41,51.07,0.0
1303,3001,25.4889179824423,-111.818222164671,2025-08-20,30.31,52.15,0.0
1304,3001,25.4889179824423,-111.818222164671,2025-08-21,30.77,50.07,0.34
1305,3001,25.4889179824423,-111.818222164671,2025-08-22,30.17,53.96,0.02
1306,3001,25.4889179824423,-111.818222164671,2025-08-23,32.03,48.8,0.41
1307,3001,25.4889179824423,-111.818222164671,2025-08-24,31.88,52.9,2.07
1308,3001,25.4889179824423,-111.818222164671,2025-08-25,31.04,53.25,10.57
1309,3001,25.4889179824423,-111.818222164671,2025-08-26,30.23,63.65,10.24
1310,3001,25.4889179824423,-111.818222164671,2025-08-27,30.38,63.99,6.76
1311,3001,25.4889179824423,-111.818222164671,2025-08-28,29.89,67.51,6.08
1312,3001,25.4889179824423,-111.818222164671,2025-08-29,30.01,65.78,0.03
1313,3001,25.4889179824423,-111.818222164671,2025-08-30,30.86,61.86,0.05
1314,3001,25.4889179824423,-111.818222164671,2025-08-31,29.93,64.54,0.09
1315,3001,25.4889179824423,-111.818222164671,2025-09-01,29.89,63.58,5.04
1316,3001,25.4889179824423,-111.818222164671,2025-09-02,31.05,56.77,2.35
1317,3001,25.4889179824423,-111.818222164671,2025-09-03,28.18,72.76,11.92
1318,3001,25.4889179824423,-111.818222164671,2025-09-04,27.4,82.28,23.54
1319,3001,25.4889179824423,-111.818222164671,2025-09-05,27.5,80.36,15.97
1320,3001,25.4889179824423,-111.818222164671,2025-09-06,27.5,80.62,7.77
1321,3001,25.4889179824423,-111.818222164671,2025-09-07,28.95,73.25,3.21
1322,3001,25.4889179824423,-111.818222164671,2025-09-08,29.3,70.36,0.59
1323,3001,25.4889179824423,-111.818222164671,2025-09-09,29.77,63.36,0.0
1324,3001,25.4889179824423,-111.818222164671,2025-09-10,29.8,63.21,0.57
1325,3001,25.4889179824423,-111.818222164671,2025-09-11,29.83,60.06,1.48
1326,3001,25.4889179824423,-111.818222164671,2025-09-12,28.62,62.45,0.0
1327,3001,25.4889179824423,-111.818222164671,2025-09-13,28.22,61.01,0.0
1328,3001,25.4889179824423,-111.818222164671,2025-09-14,28.9,61.19,0.67
1329,3001,25.4889179824423,-111.818222164671,2025-09-15,28.8,67.38,12.34
1330,3001,25.4889179824423,-111.818222164671,2025-09-16,28.12,78.55,16.36
1331,3001,25.4889179824423,-111.818222164671,2025-09-17,28.08,79.2,13.44
1332,3001,25.4889179824423,-111.818222164671,2025-09-18,28.75,73.03,1.44
1333,3001,25.4889179824423,-111.818222164671,2025-09-19,30.45,67.87,2.67
1334,3001,25.4889179824423,-111.818222164671,2025-09-20,29.95,71.32,2.42
1335,3001,25.4889179824423,-111.818222164671,2025-09-21,29.32,71.19,1.48
1336,3001,25.4889179824423,-111.818222164671,2025-09-22,29.62,67.88,3.55
1337,3001,25.4889179824423,-111.818222164671,2025-09-23,29.58,68.38,1.99
1338,3001,25.4889179824423,-111.818222164671,2025-09-24,30.55,66.48,3.1
1339,3001,25.4889179824423,-111.818222164671,2025-09-25,29.0,73.5,2.45
